Input Number, Run_Number, Result@ 100, X1, Y, X2, X1*, Y*, X2*
In01, Run: 001, P, 0, 14, 0
In01, Run: 002, P, 0, 14, 0
In01, Run: 003, P, 0, 14, 0
In01, Run: 004, P, 0, 14, 0
In01, Run: 005, P, 0, 14, 0
In01, Run: 006, P, 0, 14, 0
In01, Run: 007, P, 0, 14, 0
In01, Run: 008, P, 0, 14, 0
In01, Run: 009, P, 0, 14, 0
In01, Run: 010, P, 0, 14, 0
In01, Run: 011, P, 0, 14, 0
In01, Run: 012, P, 0, 14, 0
In01, Run: 013, P, 0, 14, 0
In01, Run: 014, P, 0, 14, 0
In01, Run: 015, P, 0, 14, 0
In01, Run: 016, P, 0, 14, 0
In01, Run: 017, P, 0, 14, 0
In01, Run: 018, P, 0, 14, 0
In01, Run: 019, P, 0, 14, 0
In01, Run: 020, P, 0, 14, 0
In01, Run: 021, P, 0, 14, 0
In01, Run: 022, P, 0, 14, 0
In01, Run: 023, P, 0, 14, 0
In01, Run: 024, P, 0, 14, 0
In01, Run: 025, P, 0, 14, 0
In01, Run: 026, P, 0, 14, 0
In01, Run: 027, P, 0, 14, 0
In01, Run: 028, P, 0, 14, 0
In01, Run: 029, P, 0, 14, 0
In01, Run: 030, P, 0, 14, 0
In01, Run: 031, P, 0, 14, 0
In01, Run: 032, P, 0, 14, 0
In01, Run: 033, P, 0, 14, 0
In01, Run: 034, P, 0, 14, 0
In01, Run: 035, P, 0, 14, 0
In01, Run: 036, P, 0, 14, 0
In01, Run: 037, P, 0, 14, 0
In01, Run: 038, P, 0, 14, 0
In01, Run: 039, P, 0, 14, 0
In01, Run: 040, P, 0, 14, 0
In01, Run: 041, P, 0, 14, 0
In01, Run: 042, P, 0, 14, 0
In01, Run: 043, P, 0, 14, 0
In01, Run: 044, P, 0, 14, 0
In01, Run: 045, P, 0, 14, 0
In01, Run: 046, P, 0, 14, 0
In01, Run: 047, P, 0, 14, 0
In01, Run: 048, P, 0, 14, 0
In01, Run: 049, P, 0, 14, 0
In01, Run: 050, P, 0, 14, 0
In01, Run: 051, P, 0, 14, 0
In01, Run: 052, P, 0, 14, 0
In01, Run: 053, P, 0, 14, 0
In01, Run: 054, P, 0, 14, 0
In01, Run: 055, P, 0, 14, 0
In01, Run: 056, P, 0, 14, 0
In01, Run: 057, P, 0, 14, 0
In01, Run: 058, P, 0, 14, 0
In01, Run: 059, P, 0, 14, 0
In01, Run: 060, P, 0, 14, 0
In01, Run: 061, P, 0, 14, 0
In01, Run: 062, P, 0, 14, 0
In01, Run: 063, P, 0, 14, 0
In01, Run: 064, P, 0, 14, 0
In01, Run: 065, P, 0, 14, 0
In01, Run: 066, P, 0, 14, 0
In01, Run: 067, P, 0, 14, 0
In01, Run: 068, P, 0, 14, 0
In01, Run: 069, P, 0, 14, 0
In01, Run: 070, P, 0, 14, 0
In01, Run: 071, P, 0, 14, 0
In01, Run: 072, P, 0, 14, 0
In01, Run: 073, P, 0, 14, 0
In01, Run: 074, P, 0, 14, 0
In01, Run: 075, P, 0, 14, 0
In01, Run: 076, P, 0, 14, 0
In01, Run: 077, P, 0, 14, 0
In01, Run: 078, P, 0, 14, 0
In01, Run: 079, P, 0, 14, 0
In01, Run: 080, P, 0, 14, 0
In01, Run: 081, P, 0, 14, 0
In01, Run: 082, P, 0, 14, 0
In01, Run: 083, P, 0, 14, 0
In01, Run: 084, P, 0, 14, 0
In01, Run: 085, P, 0, 14, 0
In01, Run: 086, P, 0, 14, 0
In01, Run: 087, P, 0, 14, 0
In01, Run: 088, P, 0, 14, 0
In01, Run: 089, P, 0, 14, 0
In01, Run: 090, P, 0, 14, 0
In01, Run: 091, P, 0, 14, 0
In01, Run: 092, P, 0, 14, 0
In01, Run: 093, P, 0, 14, 0
In01, Run: 094, P, 0, 14, 0
In01, Run: 095, P, 0, 14, 0
In01, Run: 096, P, 0, 14, 0
In01, Run: 097, P, 0, 14, 0
In01, Run: 098, P, 0, 14, 0
In01, Run: 099, P, 0, 14, 0
In01, Run: 100, P, 0, 14, 0
In02, Run: 001, P, 0, 8, 0
In02, Run: 002, P, 0, 8, 0
In02, Run: 003, P, 0, 8, 0
In02, Run: 004, P, 0, 8, 0
In02, Run: 005, P, 0, 8, 0
In02, Run: 006, P, 0, 8, 0
In02, Run: 007, P, 0, 8, 0
In02, Run: 008, P, 0, 8, 0
In02, Run: 009, P, 0, 8, 0
In02, Run: 010, P, 0, 8, 0
In02, Run: 011, P, 0, 8, 0
In02, Run: 012, P, 0, 8, 0
In02, Run: 013, P, 0, 8, 0
In02, Run: 014, P, 0, 8, 0
In02, Run: 015, P, 0, 8, 0
In02, Run: 016, P, 0, 8, 0
In02, Run: 017, P, 0, 8, 0
In02, Run: 018, P, 0, 8, 0
In02, Run: 019, P, 0, 8, 0
In02, Run: 020, P, 0, 8, 0
In02, Run: 021, P, 0, 8, 0
In02, Run: 022, P, 0, 8, 0
In02, Run: 023, P, 0, 8, 0
In02, Run: 024, P, 0, 8, 0
In02, Run: 025, P, 0, 8, 0
In02, Run: 026, P, 0, 8, 0
In02, Run: 027, P, 0, 8, 0
In02, Run: 028, P, 0, 8, 0
In02, Run: 029, P, 0, 8, 0
In02, Run: 030, P, 0, 8, 0
In02, Run: 031, P, 0, 8, 0
In02, Run: 032, P, 0, 8, 0
In02, Run: 033, P, 0, 8, 0
In02, Run: 034, P, 0, 8, 0
In02, Run: 035, P, 0, 8, 0
In02, Run: 036, P, 0, 8, 0
In02, Run: 037, P, 0, 8, 0
In02, Run: 038, P, 0, 8, 0
In02, Run: 039, P, 0, 8, 0
In02, Run: 040, P, 0, 8, 0
In02, Run: 041, P, 0, 8, 0
In02, Run: 042, P, 0, 8, 0
In02, Run: 043, P, 0, 8, 0
In02, Run: 044, P, 0, 8, 0
In02, Run: 045, P, 0, 8, 0
In02, Run: 046, P, 0, 8, 0
In02, Run: 047, P, 0, 8, 0
In02, Run: 048, P, 0, 8, 0
In02, Run: 049, P, 0, 8, 0
In02, Run: 050, P, 0, 8, 0
In02, Run: 051, P, 0, 8, 0
In02, Run: 052, P, 0, 8, 0
In02, Run: 053, P, 0, 8, 0
In02, Run: 054, P, 0, 8, 0
In02, Run: 055, P, 0, 8, 0
In02, Run: 056, P, 0, 8, 0
In02, Run: 057, P, 0, 8, 0
In02, Run: 058, P, 0, 8, 0
In02, Run: 059, P, 0, 8, 0
In02, Run: 060, P, 0, 8, 0
In02, Run: 061, P, 0, 8, 0
In02, Run: 062, P, 0, 8, 0
In02, Run: 063, P, 0, 8, 0
In02, Run: 064, P, 0, 8, 0
In02, Run: 065, P, 0, 8, 0
In02, Run: 066, P, 0, 8, 0
In02, Run: 067, P, 0, 8, 0
In02, Run: 068, P, 0, 8, 0
In02, Run: 069, P, 0, 8, 0
In02, Run: 070, P, 0, 8, 0
In02, Run: 071, P, 0, 8, 0
In02, Run: 072, P, 0, 8, 0
In02, Run: 073, P, 0, 8, 0
In02, Run: 074, P, 0, 8, 0
In02, Run: 075, P, 0, 8, 0
In02, Run: 076, P, 0, 8, 0
In02, Run: 077, P, 0, 8, 0
In02, Run: 078, P, 0, 8, 0
In02, Run: 079, P, 0, 8, 0
In02, Run: 080, P, 0, 8, 0
In02, Run: 081, P, 0, 8, 0
In02, Run: 082, P, 0, 8, 0
In02, Run: 083, P, 0, 8, 0
In02, Run: 084, P, 0, 8, 0
In02, Run: 085, P, 0, 8, 0
In02, Run: 086, P, 0, 8, 0
In02, Run: 087, P, 0, 8, 0
In02, Run: 088, P, 0, 8, 0
In02, Run: 089, P, 0, 8, 0
In02, Run: 090, P, 0, 8, 0
In02, Run: 091, P, 0, 8, 0
In02, Run: 092, P, 0, 8, 0
In02, Run: 093, P, 0, 8, 0
In02, Run: 094, P, 0, 8, 0
In02, Run: 095, P, 0, 8, 0
In02, Run: 096, P, 0, 8, 0
In02, Run: 097, P, 0, 8, 0
In02, Run: 098, P, 0, 8, 0
In02, Run: 099, P, 0, 8, 0
In02, Run: 100, P, 0, 8, 0
In03, Run: 001, P, 0, 4, 0
In03, Run: 002, P, 0, 4, 0
In03, Run: 003, P, 0, 4, 0
In03, Run: 004, P, 0, 4, 0
In03, Run: 005, P, 0, 4, 0
In03, Run: 006, P, 0, 4, 0
In03, Run: 007, P, 0, 4, 0
In03, Run: 008, P, 0, 4, 0
In03, Run: 009, P, 0, 4, 0
In03, Run: 010, P, 0, 4, 0
In03, Run: 011, P, 0, 4, 0
In03, Run: 012, P, 0, 4, 0
In03, Run: 013, P, 0, 4, 0
In03, Run: 014, P, 0, 4, 0
In03, Run: 015, P, 0, 4, 0
In03, Run: 016, P, 0, 4, 0
In03, Run: 017, P, 0, 4, 0
In03, Run: 018, P, 0, 4, 0
In03, Run: 019, P, 0, 4, 0
In03, Run: 020, P, 0, 4, 0
In03, Run: 021, P, 0, 4, 0
In03, Run: 022, P, 0, 4, 0
In03, Run: 023, P, 0, 4, 0
In03, Run: 024, P, 0, 4, 0
In03, Run: 025, P, 0, 4, 0
In03, Run: 026, P, 0, 4, 0
In03, Run: 027, P, 0, 4, 0
In03, Run: 028, P, 0, 4, 0
In03, Run: 029, P, 0, 4, 0
In03, Run: 030, P, 0, 4, 0
In03, Run: 031, P, 0, 4, 0
In03, Run: 032, P, 0, 4, 0
In03, Run: 033, P, 0, 4, 0
In03, Run: 034, P, 0, 4, 0
In03, Run: 035, P, 0, 4, 0
In03, Run: 036, P, 0, 4, 0
In03, Run: 037, P, 0, 4, 0
In03, Run: 038, P, 0, 4, 0
In03, Run: 039, P, 0, 4, 0
In03, Run: 040, P, 0, 4, 0
In03, Run: 041, P, 0, 4, 0
In03, Run: 042, P, 0, 4, 0
In03, Run: 043, P, 0, 4, 0
In03, Run: 044, P, 0, 4, 0
In03, Run: 045, P, 0, 4, 0
In03, Run: 046, P, 0, 4, 0
In03, Run: 047, P, 0, 4, 0
In03, Run: 048, P, 0, 4, 0
In03, Run: 049, P, 0, 4, 0
In03, Run: 050, P, 0, 4, 0
In03, Run: 051, P, 0, 4, 0
In03, Run: 052, P, 0, 4, 0
In03, Run: 053, P, 0, 4, 0
In03, Run: 054, P, 0, 4, 0
In03, Run: 055, P, 0, 4, 0
In03, Run: 056, P, 0, 4, 0
In03, Run: 057, P, 0, 4, 0
In03, Run: 058, P, 0, 4, 0
In03, Run: 059, P, 0, 4, 0
In03, Run: 060, P, 0, 4, 0
In03, Run: 061, P, 0, 4, 0
In03, Run: 062, P, 0, 4, 0
In03, Run: 063, P, 0, 4, 0
In03, Run: 064, P, 0, 4, 0
In03, Run: 065, P, 0, 4, 0
In03, Run: 066, P, 0, 4, 0
In03, Run: 067, P, 0, 4, 0
In03, Run: 068, P, 0, 4, 0
In03, Run: 069, P, 0, 4, 0
In03, Run: 070, P, 0, 4, 0
In03, Run: 071, P, 0, 4, 0
In03, Run: 072, P, 0, 4, 0
In03, Run: 073, P, 0, 4, 0
In03, Run: 074, P, 0, 4, 0
In03, Run: 075, P, 0, 4, 0
In03, Run: 076, P, 0, 4, 0
In03, Run: 077, P, 0, 4, 0
In03, Run: 078, P, 0, 4, 0
In03, Run: 079, P, 0, 4, 0
In03, Run: 080, P, 0, 4, 0
In03, Run: 081, P, 0, 4, 0
In03, Run: 082, P, 0, 4, 0
In03, Run: 083, P, 0, 4, 0
In03, Run: 084, P, 0, 4, 0
In03, Run: 085, P, 0, 4, 0
In03, Run: 086, P, 0, 4, 0
In03, Run: 087, P, 0, 4, 0
In03, Run: 088, P, 0, 4, 0
In03, Run: 089, P, 0, 4, 0
In03, Run: 090, P, 0, 4, 0
In03, Run: 091, P, 0, 4, 0
In03, Run: 092, P, 0, 4, 0
In03, Run: 093, P, 0, 4, 0
In03, Run: 094, P, 0, 4, 0
In03, Run: 095, P, 0, 4, 0
In03, Run: 096, P, 0, 4, 0
In03, Run: 097, P, 0, 4, 0
In03, Run: 098, P, 0, 4, 0
In03, Run: 099, P, 0, 4, 0
In03, Run: 100, P, 0, 4, 0
In04, Run: 001, P, 0, 39, 0
In04, Run: 002, P, 0, 39, 0
In04, Run: 003, P, 0, 39, 0
In04, Run: 004, P, 0, 39, 0
In04, Run: 005, P, 0, 39, 0
In04, Run: 006, P, 0, 39, 0
In04, Run: 007, P, 0, 39, 0
In04, Run: 008, P, 0, 39, 0
In04, Run: 009, P, 0, 39, 0
In04, Run: 010, P, 0, 39, 0
In04, Run: 011, P, 0, 39, 0
In04, Run: 012, P, 0, 39, 0
In04, Run: 013, P, 0, 39, 0
In04, Run: 014, P, 0, 39, 0
In04, Run: 015, P, 0, 39, 0
In04, Run: 016, P, 0, 39, 0
In04, Run: 017, P, 0, 39, 0
In04, Run: 018, P, 0, 39, 0
In04, Run: 019, P, 0, 39, 0
In04, Run: 020, P, 0, 39, 0
In04, Run: 021, P, 0, 39, 0
In04, Run: 022, P, 0, 39, 0
In04, Run: 023, P, 0, 39, 0
In04, Run: 024, P, 0, 39, 0
In04, Run: 025, P, 0, 39, 0
In04, Run: 026, P, 0, 39, 0
In04, Run: 027, P, 0, 39, 0
In04, Run: 028, P, 0, 39, 0
In04, Run: 029, P, 0, 39, 0
In04, Run: 030, P, 0, 39, 0
In04, Run: 031, P, 0, 39, 0
In04, Run: 032, P, 0, 39, 0
In04, Run: 033, P, 0, 39, 0
In04, Run: 034, P, 0, 39, 0
In04, Run: 035, P, 0, 39, 0
In04, Run: 036, P, 0, 39, 0
In04, Run: 037, P, 0, 39, 0
In04, Run: 038, P, 0, 39, 0
In04, Run: 039, P, 0, 39, 0
In04, Run: 040, P, 0, 39, 0
In04, Run: 041, P, 0, 39, 0
In04, Run: 042, P, 0, 39, 0
In04, Run: 043, P, 0, 39, 0
In04, Run: 044, P, 0, 39, 0
In04, Run: 045, P, 0, 39, 0
In04, Run: 046, P, 0, 39, 0
In04, Run: 047, P, 0, 39, 0
In04, Run: 048, P, 0, 39, 0
In04, Run: 049, P, 0, 39, 0
In04, Run: 050, P, 0, 39, 0
In04, Run: 051, P, 0, 39, 0
In04, Run: 052, P, 0, 39, 0
In04, Run: 053, P, 0, 39, 0
In04, Run: 054, P, 0, 39, 0
In04, Run: 055, P, 0, 39, 0
In04, Run: 056, P, 0, 39, 0
In04, Run: 057, P, 0, 39, 0
In04, Run: 058, P, 0, 39, 0
In04, Run: 059, P, 0, 39, 0
In04, Run: 060, P, 0, 39, 0
In04, Run: 061, P, 0, 39, 0
In04, Run: 062, P, 0, 39, 0
In04, Run: 063, P, 0, 39, 0
In04, Run: 064, P, 0, 39, 0
In04, Run: 065, P, 0, 39, 0
In04, Run: 066, P, 0, 39, 0
In04, Run: 067, P, 0, 39, 0
In04, Run: 068, P, 0, 39, 0
In04, Run: 069, P, 0, 39, 0
In04, Run: 070, P, 0, 39, 0
In04, Run: 071, P, 0, 39, 0
In04, Run: 072, P, 0, 39, 0
In04, Run: 073, P, 0, 39, 0
In04, Run: 074, P, 0, 39, 0
In04, Run: 075, P, 0, 39, 0
In04, Run: 076, P, 0, 39, 0
In04, Run: 077, P, 0, 39, 0
In04, Run: 078, P, 0, 39, 0
In04, Run: 079, P, 0, 39, 0
In04, Run: 080, P, 0, 39, 0
In04, Run: 081, P, 0, 39, 0
In04, Run: 082, P, 0, 39, 0
In04, Run: 083, P, 0, 39, 0
In04, Run: 084, P, 0, 39, 0
In04, Run: 085, P, 0, 39, 0
In04, Run: 086, P, 0, 39, 0
In04, Run: 087, P, 0, 39, 0
In04, Run: 088, P, 0, 39, 0
In04, Run: 089, P, 0, 39, 0
In04, Run: 090, P, 0, 39, 0
In04, Run: 091, P, 0, 39, 0
In04, Run: 092, P, 0, 39, 0
In04, Run: 093, P, 0, 39, 0
In04, Run: 094, P, 0, 39, 0
In04, Run: 095, P, 0, 39, 0
In04, Run: 096, P, 0, 39, 0
In04, Run: 097, P, 0, 39, 0
In04, Run: 098, P, 0, 39, 0
In04, Run: 099, P, 0, 39, 0
In04, Run: 100, P, 0, 39, 0
In05, Run: 001, P, 0, 7, 0
In05, Run: 002, P, 0, 7, 0
In05, Run: 003, P, 0, 7, 0
In05, Run: 004, P, 0, 7, 0
In05, Run: 005, P, 0, 7, 0
In05, Run: 006, P, 0, 7, 0
In05, Run: 007, P, 0, 7, 0
In05, Run: 008, P, 0, 7, 0
In05, Run: 009, P, 0, 7, 0
In05, Run: 010, P, 0, 7, 0
In05, Run: 011, P, 0, 7, 0
In05, Run: 012, P, 0, 7, 0
In05, Run: 013, P, 0, 7, 0
In05, Run: 014, P, 0, 7, 0
In05, Run: 015, P, 0, 7, 0
In05, Run: 016, P, 0, 7, 0
In05, Run: 017, P, 0, 7, 0
In05, Run: 018, P, 0, 7, 0
In05, Run: 019, P, 0, 7, 0
In05, Run: 020, P, 0, 7, 0
In05, Run: 021, P, 0, 7, 0
In05, Run: 022, P, 0, 7, 0
In05, Run: 023, P, 0, 7, 0
In05, Run: 024, P, 0, 7, 0
In05, Run: 025, P, 0, 7, 0
In05, Run: 026, P, 0, 7, 0
In05, Run: 027, P, 0, 7, 0
In05, Run: 028, P, 0, 7, 0
In05, Run: 029, P, 0, 7, 0
In05, Run: 030, P, 0, 7, 0
In05, Run: 031, P, 0, 7, 0
In05, Run: 032, P, 0, 7, 0
In05, Run: 033, P, 0, 7, 0
In05, Run: 034, P, 0, 7, 0
In05, Run: 035, P, 0, 7, 0
In05, Run: 036, P, 0, 7, 0
In05, Run: 037, P, 0, 7, 0
In05, Run: 038, P, 0, 7, 0
In05, Run: 039, P, 0, 7, 0
In05, Run: 040, P, 0, 7, 0
In05, Run: 041, P, 0, 7, 0
In05, Run: 042, P, 0, 7, 0
In05, Run: 043, P, 0, 7, 0
In05, Run: 044, P, 0, 7, 0
In05, Run: 045, P, 0, 7, 0
In05, Run: 046, P, 0, 7, 0
In05, Run: 047, P, 0, 7, 0
In05, Run: 048, P, 0, 7, 0
In05, Run: 049, P, 0, 7, 0
In05, Run: 050, P, 0, 7, 0
In05, Run: 051, P, 0, 7, 0
In05, Run: 052, P, 0, 7, 0
In05, Run: 053, P, 0, 7, 0
In05, Run: 054, P, 0, 7, 0
In05, Run: 055, P, 0, 7, 0
In05, Run: 056, P, 0, 7, 0
In05, Run: 057, P, 0, 7, 0
In05, Run: 058, P, 0, 7, 0
In05, Run: 059, P, 0, 7, 0
In05, Run: 060, P, 0, 7, 0
In05, Run: 061, P, 0, 7, 0
In05, Run: 062, P, 0, 7, 0
In05, Run: 063, P, 0, 7, 0
In05, Run: 064, P, 0, 7, 0
In05, Run: 065, P, 0, 7, 0
In05, Run: 066, P, 0, 7, 0
In05, Run: 067, P, 0, 7, 0
In05, Run: 068, P, 0, 7, 0
In05, Run: 069, P, 0, 7, 0
In05, Run: 070, P, 0, 7, 0
In05, Run: 071, P, 0, 7, 0
In05, Run: 072, P, 0, 7, 0
In05, Run: 073, P, 0, 7, 0
In05, Run: 074, P, 0, 7, 0
In05, Run: 075, P, 0, 7, 0
In05, Run: 076, P, 0, 7, 0
In05, Run: 077, P, 0, 7, 0
In05, Run: 078, P, 0, 7, 0
In05, Run: 079, P, 0, 7, 0
In05, Run: 080, P, 0, 7, 0
In05, Run: 081, P, 0, 7, 0
In05, Run: 082, P, 0, 7, 0
In05, Run: 083, P, 0, 7, 0
In05, Run: 084, P, 0, 7, 0
In05, Run: 085, P, 0, 7, 0
In05, Run: 086, P, 0, 7, 0
In05, Run: 087, P, 0, 7, 0
In05, Run: 088, P, 0, 7, 0
In05, Run: 089, P, 0, 7, 0
In05, Run: 090, P, 0, 7, 0
In05, Run: 091, P, 0, 7, 0
In05, Run: 092, P, 0, 7, 0
In05, Run: 093, P, 0, 7, 0
In05, Run: 094, P, 0, 7, 0
In05, Run: 095, P, 0, 7, 0
In05, Run: 096, P, 0, 7, 0
In05, Run: 097, P, 0, 7, 0
In05, Run: 098, P, 0, 7, 0
In05, Run: 099, P, 0, 7, 0
In05, Run: 100, P, 0, 7, 0
In06, Run: 001, P, 0, 23, 0
In06, Run: 002, P, 0, 23, 0
In06, Run: 003, P, 0, 23, 0
In06, Run: 004, P, 0, 23, 0
In06, Run: 005, P, 0, 23, 0
In06, Run: 006, P, 0, 23, 0
In06, Run: 007, P, 0, 23, 0
In06, Run: 008, P, 0, 23, 0
In06, Run: 009, P, 0, 23, 0
In06, Run: 010, P, 0, 23, 0
In06, Run: 011, P, 0, 23, 0
In06, Run: 012, P, 0, 23, 0
In06, Run: 013, P, 0, 23, 0
In06, Run: 014, P, 0, 23, 0
In06, Run: 015, P, 0, 23, 0
In06, Run: 016, P, 0, 23, 0
In06, Run: 017, P, 0, 23, 0
In06, Run: 018, P, 0, 23, 0
In06, Run: 019, P, 0, 23, 0
In06, Run: 020, P, 0, 23, 0
In06, Run: 021, P, 0, 23, 0
In06, Run: 022, P, 0, 23, 0
In06, Run: 023, P, 0, 23, 0
In06, Run: 024, P, 0, 23, 0
In06, Run: 025, P, 0, 23, 0
In06, Run: 026, P, 0, 23, 0
In06, Run: 027, P, 0, 23, 0
In06, Run: 028, P, 0, 23, 0
In06, Run: 029, P, 0, 23, 0
In06, Run: 030, P, 0, 23, 0
In06, Run: 031, P, 0, 23, 0
In06, Run: 032, P, 0, 23, 0
In06, Run: 033, P, 0, 23, 0
In06, Run: 034, P, 0, 23, 0
In06, Run: 035, P, 0, 23, 0
In06, Run: 036, P, 0, 23, 0
In06, Run: 037, P, 0, 23, 0
In06, Run: 038, P, 0, 23, 0
In06, Run: 039, P, 0, 23, 0
In06, Run: 040, P, 0, 23, 0
In06, Run: 041, P, 0, 23, 0
In06, Run: 042, P, 0, 23, 0
In06, Run: 043, P, 0, 23, 0
In06, Run: 044, P, 0, 23, 0
In06, Run: 045, P, 0, 23, 0
In06, Run: 046, P, 0, 23, 0
In06, Run: 047, P, 0, 23, 0
In06, Run: 048, P, 0, 23, 0
In06, Run: 049, P, 0, 23, 0
In06, Run: 050, P, 0, 23, 0
In06, Run: 051, P, 0, 23, 0
In06, Run: 052, P, 0, 23, 0
In06, Run: 053, P, 0, 23, 0
In06, Run: 054, P, 0, 23, 0
In06, Run: 055, P, 0, 23, 0
In06, Run: 056, P, 0, 23, 0
In06, Run: 057, P, 0, 23, 0
In06, Run: 058, P, 0, 23, 0
In06, Run: 059, P, 0, 23, 0
In06, Run: 060, P, 0, 23, 0
In06, Run: 061, P, 0, 23, 0
In06, Run: 062, P, 0, 23, 0
In06, Run: 063, P, 0, 23, 0
In06, Run: 064, P, 0, 23, 0
In06, Run: 065, P, 0, 23, 0
In06, Run: 066, P, 0, 23, 0
In06, Run: 067, P, 0, 23, 0
In06, Run: 068, P, 0, 23, 0
In06, Run: 069, P, 0, 23, 0
In06, Run: 070, P, 0, 23, 0
In06, Run: 071, P, 0, 23, 0
In06, Run: 072, P, 0, 23, 0
In06, Run: 073, P, 0, 23, 0
In06, Run: 074, P, 0, 23, 0
In06, Run: 075, P, 0, 23, 0
In06, Run: 076, P, 0, 23, 0
In06, Run: 077, P, 0, 23, 0
In06, Run: 078, P, 0, 23, 0
In06, Run: 079, P, 0, 23, 0
In06, Run: 080, P, 0, 23, 0
In06, Run: 081, P, 0, 23, 0
In06, Run: 082, P, 0, 23, 0
In06, Run: 083, P, 0, 23, 0
In06, Run: 084, P, 0, 23, 0
In06, Run: 085, P, 0, 23, 0
In06, Run: 086, P, 0, 23, 0
In06, Run: 087, P, 0, 23, 0
In06, Run: 088, P, 0, 23, 0
In06, Run: 089, P, 0, 23, 0
In06, Run: 090, P, 0, 23, 0
In06, Run: 091, P, 0, 23, 0
In06, Run: 092, P, 0, 23, 0
In06, Run: 093, P, 0, 23, 0
In06, Run: 094, P, 0, 23, 0
In06, Run: 095, P, 0, 23, 0
In06, Run: 096, P, 0, 23, 0
In06, Run: 097, P, 0, 23, 0
In06, Run: 098, P, 0, 23, 0
In06, Run: 099, P, 0, 23, 0
In06, Run: 100, P, 0, 23, 0
In10, Run: 001, P, 0, 8, 0
In10, Run: 002, P, 0, 8, 0
In10, Run: 003, P, 0, 8, 0
In10, Run: 004, P, 0, 8, 0
In10, Run: 005, P, 0, 8, 0
In10, Run: 006, P, 0, 8, 0
In10, Run: 007, P, 0, 8, 0
In10, Run: 008, P, 0, 8, 0
In10, Run: 009, P, 0, 8, 0
In10, Run: 010, P, 0, 8, 0
In10, Run: 011, P, 0, 8, 0
In10, Run: 012, P, 0, 8, 0
In10, Run: 013, P, 0, 8, 0
In10, Run: 014, P, 0, 8, 0
In10, Run: 015, P, 0, 8, 0
In10, Run: 016, P, 0, 8, 0
In10, Run: 017, P, 0, 8, 0
In10, Run: 018, P, 0, 8, 0
In10, Run: 019, P, 0, 8, 0
In10, Run: 020, P, 0, 8, 0
In10, Run: 021, P, 0, 8, 0
In10, Run: 022, P, 0, 8, 0
In10, Run: 023, P, 0, 8, 0
In10, Run: 024, P, 0, 8, 0
In10, Run: 025, P, 0, 8, 0
In10, Run: 026, P, 0, 8, 0
In10, Run: 027, P, 0, 8, 0
In10, Run: 028, P, 0, 8, 0
In10, Run: 029, P, 0, 8, 0
In10, Run: 030, P, 0, 8, 0
In10, Run: 031, P, 0, 8, 0
In10, Run: 032, P, 0, 8, 0
In10, Run: 033, P, 0, 8, 0
In10, Run: 034, P, 0, 8, 0
In10, Run: 035, P, 0, 8, 0
In10, Run: 036, P, 0, 8, 0
In10, Run: 037, P, 0, 8, 0
In10, Run: 038, P, 0, 8, 0
In10, Run: 039, P, 0, 8, 0
In10, Run: 040, P, 0, 8, 0
In10, Run: 041, P, 0, 8, 0
In10, Run: 042, P, 0, 8, 0
In10, Run: 043, P, 0, 8, 0
In10, Run: 044, P, 0, 8, 0
In10, Run: 045, P, 0, 8, 0
In10, Run: 046, P, 0, 8, 0
In10, Run: 047, P, 0, 8, 0
In10, Run: 048, P, 0, 8, 0
In10, Run: 049, P, 0, 8, 0
In10, Run: 050, P, 0, 8, 0
In10, Run: 051, P, 0, 8, 0
In10, Run: 052, P, 0, 8, 0
In10, Run: 053, P, 0, 8, 0
In10, Run: 054, P, 0, 8, 0
In10, Run: 055, P, 0, 8, 0
In10, Run: 056, P, 0, 8, 0
In10, Run: 057, P, 0, 8, 0
In10, Run: 058, P, 0, 8, 0
In10, Run: 059, P, 0, 8, 0
In10, Run: 060, P, 0, 8, 0
In10, Run: 061, P, 0, 8, 0
In10, Run: 062, P, 0, 8, 0
In10, Run: 063, P, 0, 8, 0
In10, Run: 064, P, 0, 8, 0
In10, Run: 065, P, 0, 8, 0
In10, Run: 066, P, 0, 8, 0
In10, Run: 067, P, 0, 8, 0
In10, Run: 068, P, 0, 8, 0
In10, Run: 069, P, 0, 8, 0
In10, Run: 070, P, 0, 8, 0
In10, Run: 071, P, 0, 8, 0
In10, Run: 072, P, 0, 8, 0
In10, Run: 073, P, 0, 8, 0
In10, Run: 074, P, 0, 8, 0
In10, Run: 075, P, 0, 8, 0
In10, Run: 076, P, 0, 8, 0
In10, Run: 077, P, 0, 8, 0
In10, Run: 078, P, 0, 8, 0
In10, Run: 079, P, 0, 8, 0
In10, Run: 080, P, 0, 8, 0
In10, Run: 081, P, 0, 8, 0
In10, Run: 082, P, 0, 8, 0
In10, Run: 083, P, 0, 8, 0
In10, Run: 084, P, 0, 8, 0
In10, Run: 085, P, 0, 8, 0
In10, Run: 086, P, 0, 8, 0
In10, Run: 087, P, 0, 8, 0
In10, Run: 088, P, 0, 8, 0
In10, Run: 089, P, 0, 8, 0
In10, Run: 090, P, 0, 8, 0
In10, Run: 091, P, 0, 8, 0
In10, Run: 092, P, 0, 8, 0
In10, Run: 093, P, 0, 8, 0
In10, Run: 094, P, 0, 8, 0
In10, Run: 095, P, 0, 8, 0
In10, Run: 096, P, 0, 8, 0
In10, Run: 097, P, 0, 8, 0
In10, Run: 098, P, 0, 8, 0
In10, Run: 099, P, 0, 8, 0
In10, Run: 100, P, 0, 8, 0
In11, Run: 001, P, 0, 42, 0
In11, Run: 002, P, 0, 42, 0
In11, Run: 003, P, 0, 42, 0
In11, Run: 004, P, 0, 42, 0
In11, Run: 005, P, 0, 42, 0
In11, Run: 006, P, 0, 42, 0
In11, Run: 007, P, 0, 42, 0
In11, Run: 008, P, 0, 42, 0
In11, Run: 009, P, 0, 42, 0
In11, Run: 010, P, 0, 42, 0
In11, Run: 011, P, 0, 42, 0
In11, Run: 012, P, 0, 42, 0
In11, Run: 013, P, 0, 42, 0
In11, Run: 014, P, 0, 42, 0
In11, Run: 015, P, 0, 42, 0
In11, Run: 016, P, 0, 42, 0
In11, Run: 017, P, 0, 42, 0
In11, Run: 018, P, 0, 42, 0
In11, Run: 019, P, 0, 42, 0
In11, Run: 020, P, 0, 42, 0
In11, Run: 021, P, 0, 42, 0
In11, Run: 022, P, 0, 42, 0
In11, Run: 023, P, 0, 42, 0
In11, Run: 024, P, 0, 42, 0
In11, Run: 025, P, 0, 42, 0
In11, Run: 026, P, 0, 42, 0
In11, Run: 027, P, 0, 42, 0
In11, Run: 028, P, 0, 42, 0
In11, Run: 029, P, 0, 42, 0
In11, Run: 030, P, 0, 42, 0
In11, Run: 031, P, 0, 42, 0
In11, Run: 032, P, 0, 42, 0
In11, Run: 033, P, 0, 42, 0
In11, Run: 034, P, 0, 42, 0
In11, Run: 035, P, 0, 42, 0
In11, Run: 036, P, 0, 42, 0
In11, Run: 037, P, 0, 42, 0
In11, Run: 038, P, 0, 42, 0
In11, Run: 039, P, 0, 42, 0
In11, Run: 040, P, 0, 42, 0
In11, Run: 041, P, 0, 42, 0
In11, Run: 042, P, 0, 42, 0
In11, Run: 043, P, 0, 42, 0
In11, Run: 044, P, 0, 42, 0
In11, Run: 045, P, 0, 42, 0
In11, Run: 046, P, 0, 42, 0
In11, Run: 047, P, 0, 42, 0
In11, Run: 048, P, 0, 42, 0
In11, Run: 049, P, 0, 42, 0
In11, Run: 050, P, 0, 42, 0
In11, Run: 051, P, 0, 42, 0
In11, Run: 052, P, 0, 42, 0
In11, Run: 053, P, 0, 42, 0
In11, Run: 054, P, 0, 42, 0
In11, Run: 055, P, 0, 42, 0
In11, Run: 056, P, 0, 42, 0
In11, Run: 057, P, 0, 42, 0
In11, Run: 058, P, 0, 42, 0
In11, Run: 059, P, 0, 42, 0
In11, Run: 060, P, 0, 42, 0
In11, Run: 061, P, 0, 42, 0
In11, Run: 062, P, 0, 42, 0
In11, Run: 063, P, 0, 42, 0
In11, Run: 064, P, 0, 42, 0
In11, Run: 065, P, 0, 42, 0
In11, Run: 066, P, 0, 42, 0
In11, Run: 067, P, 0, 42, 0
In11, Run: 068, P, 0, 42, 0
In11, Run: 069, P, 0, 42, 0
In11, Run: 070, P, 0, 42, 0
In11, Run: 071, P, 0, 42, 0
In11, Run: 072, P, 0, 42, 0
In11, Run: 073, P, 0, 42, 0
In11, Run: 074, P, 0, 42, 0
In11, Run: 075, P, 0, 42, 0
In11, Run: 076, P, 0, 42, 0
In11, Run: 077, P, 0, 42, 0
In11, Run: 078, P, 0, 42, 0
In11, Run: 079, P, 0, 42, 0
In11, Run: 080, P, 0, 42, 0
In11, Run: 081, P, 0, 42, 0
In11, Run: 082, P, 0, 42, 0
In11, Run: 083, P, 0, 42, 0
In11, Run: 084, P, 0, 42, 0
In11, Run: 085, P, 0, 42, 0
In11, Run: 086, P, 0, 42, 0
In11, Run: 087, P, 0, 42, 0
In11, Run: 088, P, 0, 42, 0
In11, Run: 089, P, 0, 42, 0
In11, Run: 090, P, 0, 42, 0
In11, Run: 091, P, 0, 42, 0
In11, Run: 092, P, 0, 42, 0
In11, Run: 093, P, 0, 42, 0
In11, Run: 094, P, 0, 42, 0
In11, Run: 095, P, 0, 42, 0
In11, Run: 096, P, 0, 42, 0
In11, Run: 097, P, 0, 42, 0
In11, Run: 098, P, 0, 42, 0
In11, Run: 099, P, 0, 42, 0
In11, Run: 100, P, 0, 42, 0
In12, Run: 001, P, 0, 70, 0
In12, Run: 002, P, 0, 70, 0
In12, Run: 003, P, 0, 70, 0
In12, Run: 004, P, 0, 70, 0
In12, Run: 005, P, 0, 70, 0
In12, Run: 006, P, 0, 70, 0
In12, Run: 007, P, 0, 70, 0
In12, Run: 008, P, 0, 70, 0
In12, Run: 009, P, 0, 70, 0
In12, Run: 010, P, 0, 70, 0
In12, Run: 011, P, 0, 70, 0
In12, Run: 012, P, 0, 70, 0
In12, Run: 013, P, 0, 70, 0
In12, Run: 014, P, 0, 70, 0
In12, Run: 015, P, 0, 70, 0
In12, Run: 016, P, 0, 70, 0
In12, Run: 017, P, 0, 70, 0
In12, Run: 018, P, 0, 70, 0
In12, Run: 019, P, 0, 70, 0
In12, Run: 020, P, 0, 70, 0
In12, Run: 021, P, 0, 70, 0
In12, Run: 022, P, 0, 70, 0
In12, Run: 023, P, 0, 70, 0
In12, Run: 024, P, 0, 70, 0
In12, Run: 025, P, 0, 70, 0
In12, Run: 026, P, 0, 70, 0
In12, Run: 027, P, 0, 70, 0
In12, Run: 028, P, 0, 70, 0
In12, Run: 029, P, 0, 70, 0
In12, Run: 030, P, 0, 70, 0
In12, Run: 031, P, 0, 70, 0
In12, Run: 032, P, 0, 70, 0
In12, Run: 033, P, 0, 70, 0
In12, Run: 034, P, 0, 70, 0
In12, Run: 035, P, 0, 70, 0
In12, Run: 036, P, 0, 70, 0
In12, Run: 037, P, 0, 70, 0
In12, Run: 038, P, 0, 70, 0
In12, Run: 039, P, 0, 70, 0
In12, Run: 040, P, 0, 70, 0
In12, Run: 041, P, 0, 70, 0
In12, Run: 042, P, 0, 70, 0
In12, Run: 043, P, 0, 70, 0
In12, Run: 044, P, 0, 70, 0
In12, Run: 045, P, 0, 70, 0
In12, Run: 046, P, 0, 70, 0
In12, Run: 047, P, 0, 70, 0
In12, Run: 048, P, 0, 70, 0
In12, Run: 049, P, 0, 70, 0
In12, Run: 050, P, 0, 70, 0
In12, Run: 051, P, 0, 70, 0
In12, Run: 052, P, 0, 70, 0
In12, Run: 053, P, 0, 70, 0
In12, Run: 054, P, 0, 70, 0
In12, Run: 055, P, 0, 70, 0
In12, Run: 056, P, 0, 70, 0
In12, Run: 057, P, 0, 70, 0
In12, Run: 058, P, 0, 70, 0
In12, Run: 059, P, 0, 70, 0
In12, Run: 060, P, 0, 70, 0
In12, Run: 061, P, 0, 70, 0
In12, Run: 062, P, 0, 70, 0
In12, Run: 063, P, 0, 70, 0
In12, Run: 064, P, 0, 70, 0
In12, Run: 065, P, 0, 70, 0
In12, Run: 066, P, 0, 70, 0
In12, Run: 067, P, 0, 70, 0
In12, Run: 068, P, 0, 70, 0
In12, Run: 069, P, 0, 70, 0
In12, Run: 070, P, 0, 70, 0
In12, Run: 071, P, 0, 70, 0
In12, Run: 072, P, 0, 70, 0
In12, Run: 073, P, 0, 70, 0
In12, Run: 074, P, 0, 70, 0
In12, Run: 075, P, 0, 70, 0
In12, Run: 076, P, 0, 70, 0
In12, Run: 077, P, 0, 70, 0
In12, Run: 078, P, 0, 70, 0
In12, Run: 079, P, 0, 70, 0
In12, Run: 080, P, 0, 70, 0
In12, Run: 081, P, 0, 70, 0
In12, Run: 082, P, 0, 70, 0
In12, Run: 083, P, 0, 70, 0
In12, Run: 084, P, 0, 70, 0
In12, Run: 085, P, 0, 70, 0
In12, Run: 086, P, 0, 70, 0
In12, Run: 087, P, 0, 70, 0
In12, Run: 088, P, 0, 70, 0
In12, Run: 089, P, 0, 70, 0
In12, Run: 090, P, 0, 70, 0
In12, Run: 091, P, 0, 70, 0
In12, Run: 092, P, 0, 70, 0
In12, Run: 093, P, 0, 70, 0
In12, Run: 094, P, 0, 70, 0
In12, Run: 095, P, 0, 70, 0
In12, Run: 096, P, 0, 70, 0
In12, Run: 097, P, 0, 70, 0
In12, Run: 098, P, 0, 70, 0
In12, Run: 099, P, 0, 70, 0
In12, Run: 100, P, 0, 70, 0
In13, Run: 001, P, 0, 13, 0
In13, Run: 002, P, 0, 13, 0
In13, Run: 003, P, 0, 13, 0
In13, Run: 004, P, 0, 13, 0
In13, Run: 005, P, 0, 13, 0
In13, Run: 006, P, 0, 13, 0
In13, Run: 007, P, 0, 13, 0
In13, Run: 008, P, 0, 13, 0
In13, Run: 009, P, 0, 13, 0
In13, Run: 010, P, 0, 13, 0
In13, Run: 011, P, 0, 13, 0
In13, Run: 012, P, 0, 13, 0
In13, Run: 013, P, 0, 13, 0
In13, Run: 014, P, 0, 13, 0
In13, Run: 015, P, 0, 13, 0
In13, Run: 016, P, 0, 13, 0
In13, Run: 017, P, 0, 13, 0
In13, Run: 018, P, 0, 13, 0
In13, Run: 019, P, 0, 13, 0
In13, Run: 020, P, 0, 13, 0
In13, Run: 021, P, 0, 13, 0
In13, Run: 022, P, 0, 13, 0
In13, Run: 023, P, 0, 13, 0
In13, Run: 024, P, 0, 13, 0
In13, Run: 025, P, 0, 13, 0
In13, Run: 026, P, 0, 13, 0
In13, Run: 027, P, 0, 13, 0
In13, Run: 028, P, 0, 13, 0
In13, Run: 029, P, 0, 13, 0
In13, Run: 030, P, 0, 13, 0
In13, Run: 031, P, 0, 13, 0
In13, Run: 032, P, 0, 13, 0
In13, Run: 033, P, 0, 13, 0
In13, Run: 034, P, 0, 13, 0
In13, Run: 035, P, 0, 13, 0
In13, Run: 036, P, 0, 13, 0
In13, Run: 037, P, 0, 13, 0
In13, Run: 038, P, 0, 13, 0
In13, Run: 039, P, 0, 13, 0
In13, Run: 040, P, 0, 13, 0
In13, Run: 041, P, 0, 13, 0
In13, Run: 042, P, 0, 13, 0
In13, Run: 043, P, 0, 13, 0
In13, Run: 044, P, 0, 13, 0
In13, Run: 045, P, 0, 13, 0
In13, Run: 046, P, 0, 13, 0
In13, Run: 047, P, 0, 13, 0
In13, Run: 048, P, 0, 13, 0
In13, Run: 049, P, 0, 13, 0
In13, Run: 050, P, 0, 13, 0
In13, Run: 051, P, 0, 13, 0
In13, Run: 052, P, 0, 13, 0
In13, Run: 053, P, 0, 13, 0
In13, Run: 054, P, 0, 13, 0
In13, Run: 055, P, 0, 13, 0
In13, Run: 056, P, 0, 13, 0
In13, Run: 057, P, 0, 13, 0
In13, Run: 058, P, 0, 13, 0
In13, Run: 059, P, 0, 13, 0
In13, Run: 060, P, 0, 13, 0
In13, Run: 061, P, 0, 13, 0
In13, Run: 062, P, 0, 13, 0
In13, Run: 063, P, 0, 13, 0
In13, Run: 064, P, 0, 13, 0
In13, Run: 065, P, 0, 13, 0
In13, Run: 066, P, 0, 13, 0
In13, Run: 067, P, 0, 13, 0
In13, Run: 068, P, 0, 13, 0
In13, Run: 069, P, 0, 13, 0
In13, Run: 070, P, 0, 13, 0
In13, Run: 071, P, 0, 13, 0
In13, Run: 072, P, 0, 13, 0
In13, Run: 073, P, 0, 13, 0
In13, Run: 074, P, 0, 13, 0
In13, Run: 075, P, 0, 13, 0
In13, Run: 076, P, 0, 13, 0
In13, Run: 077, P, 0, 13, 0
In13, Run: 078, P, 0, 13, 0
In13, Run: 079, P, 0, 13, 0
In13, Run: 080, P, 0, 13, 0
In13, Run: 081, P, 0, 13, 0
In13, Run: 082, P, 0, 13, 0
In13, Run: 083, P, 0, 13, 0
In13, Run: 084, P, 0, 13, 0
In13, Run: 085, P, 0, 13, 0
In13, Run: 086, P, 0, 13, 0
In13, Run: 087, P, 0, 13, 0
In13, Run: 088, P, 0, 13, 0
In13, Run: 089, P, 0, 13, 0
In13, Run: 090, P, 0, 13, 0
In13, Run: 091, P, 0, 13, 0
In13, Run: 092, P, 0, 13, 0
In13, Run: 093, P, 0, 13, 0
In13, Run: 094, P, 0, 13, 0
In13, Run: 095, P, 0, 13, 0
In13, Run: 096, P, 0, 13, 0
In13, Run: 097, P, 0, 13, 0
In13, Run: 098, P, 0, 13, 0
In13, Run: 099, P, 0, 13, 0
In13, Run: 100, P, 0, 13, 0
In14, Run: 001, P, 0, 7, 0
In14, Run: 002, P, 0, 7, 0
In14, Run: 003, P, 0, 7, 0
In14, Run: 004, P, 0, 7, 0
In14, Run: 005, P, 0, 7, 0
In14, Run: 006, P, 0, 7, 0
In14, Run: 007, P, 0, 7, 0
In14, Run: 008, P, 0, 7, 0
In14, Run: 009, P, 0, 7, 0
In14, Run: 010, P, 0, 7, 0
In14, Run: 011, P, 0, 7, 0
In14, Run: 012, P, 0, 7, 0
In14, Run: 013, P, 0, 7, 0
In14, Run: 014, P, 0, 7, 0
In14, Run: 015, P, 0, 7, 0
In14, Run: 016, P, 0, 7, 0
In14, Run: 017, P, 0, 7, 0
In14, Run: 018, P, 0, 7, 0
In14, Run: 019, P, 0, 7, 0
In14, Run: 020, P, 0, 7, 0
In14, Run: 021, P, 0, 7, 0
In14, Run: 022, P, 0, 7, 0
In14, Run: 023, P, 0, 7, 0
In14, Run: 024, P, 0, 7, 0
In14, Run: 025, P, 0, 7, 0
In14, Run: 026, P, 0, 7, 0
In14, Run: 027, P, 0, 7, 0
In14, Run: 028, P, 0, 7, 0
In14, Run: 029, P, 0, 7, 0
In14, Run: 030, P, 0, 7, 0
In14, Run: 031, P, 0, 7, 0
In14, Run: 032, P, 0, 7, 0
In14, Run: 033, P, 0, 7, 0
In14, Run: 034, P, 0, 7, 0
In14, Run: 035, P, 0, 7, 0
In14, Run: 036, P, 0, 7, 0
In14, Run: 037, P, 0, 7, 0
In14, Run: 038, P, 0, 7, 0
In14, Run: 039, P, 0, 7, 0
In14, Run: 040, P, 0, 7, 0
In14, Run: 041, P, 0, 7, 0
In14, Run: 042, P, 0, 7, 0
In14, Run: 043, P, 0, 7, 0
In14, Run: 044, P, 0, 7, 0
In14, Run: 045, P, 0, 7, 0
In14, Run: 046, P, 0, 7, 0
In14, Run: 047, P, 0, 7, 0
In14, Run: 048, P, 0, 7, 0
In14, Run: 049, P, 0, 7, 0
In14, Run: 050, P, 0, 7, 0
In14, Run: 051, P, 0, 7, 0
In14, Run: 052, P, 0, 7, 0
In14, Run: 053, P, 0, 7, 0
In14, Run: 054, P, 0, 7, 0
In14, Run: 055, P, 0, 7, 0
In14, Run: 056, P, 0, 7, 0
In14, Run: 057, P, 0, 7, 0
In14, Run: 058, P, 0, 7, 0
In14, Run: 059, P, 0, 7, 0
In14, Run: 060, P, 0, 7, 0
In14, Run: 061, P, 0, 7, 0
In14, Run: 062, P, 0, 7, 0
In14, Run: 063, P, 0, 7, 0
In14, Run: 064, P, 0, 7, 0
In14, Run: 065, P, 0, 7, 0
In14, Run: 066, P, 0, 7, 0
In14, Run: 067, P, 0, 7, 0
In14, Run: 068, P, 0, 7, 0
In14, Run: 069, P, 0, 7, 0
In14, Run: 070, P, 0, 7, 0
In14, Run: 071, P, 0, 7, 0
In14, Run: 072, P, 0, 7, 0
In14, Run: 073, P, 0, 7, 0
In14, Run: 074, P, 0, 7, 0
In14, Run: 075, P, 0, 7, 0
In14, Run: 076, P, 0, 7, 0
In14, Run: 077, P, 0, 7, 0
In14, Run: 078, P, 0, 7, 0
In14, Run: 079, P, 0, 7, 0
In14, Run: 080, P, 0, 7, 0
In14, Run: 081, P, 0, 7, 0
In14, Run: 082, P, 0, 7, 0
In14, Run: 083, P, 0, 7, 0
In14, Run: 084, P, 0, 7, 0
In14, Run: 085, P, 0, 7, 0
In14, Run: 086, P, 0, 7, 0
In14, Run: 087, P, 0, 7, 0
In14, Run: 088, P, 0, 7, 0
In14, Run: 089, P, 0, 7, 0
In14, Run: 090, P, 0, 7, 0
In14, Run: 091, P, 0, 7, 0
In14, Run: 092, P, 0, 7, 0
In14, Run: 093, P, 0, 7, 0
In14, Run: 094, P, 0, 7, 0
In14, Run: 095, P, 0, 7, 0
In14, Run: 096, P, 0, 7, 0
In14, Run: 097, P, 0, 7, 0
In14, Run: 098, P, 0, 7, 0
In14, Run: 099, P, 0, 7, 0
In14, Run: 100, P, 0, 7, 0
In15, Run: 001, P, 0, 11, 0
In15, Run: 002, P, 0, 11, 0
In15, Run: 003, P, 0, 11, 0
In15, Run: 004, P, 0, 11, 0
In15, Run: 005, P, 0, 11, 0
In15, Run: 006, P, 0, 11, 0
In15, Run: 007, P, 0, 11, 0
In15, Run: 008, P, 0, 11, 0
In15, Run: 009, P, 0, 11, 0
In15, Run: 010, P, 0, 11, 0
In15, Run: 011, P, 0, 11, 0
In15, Run: 012, P, 0, 11, 0
In15, Run: 013, P, 0, 11, 0
In15, Run: 014, P, 0, 11, 0
In15, Run: 015, P, 0, 11, 0
In15, Run: 016, P, 0, 11, 0
In15, Run: 017, P, 0, 11, 0
In15, Run: 018, P, 0, 11, 0
In15, Run: 019, P, 0, 11, 0
In15, Run: 020, P, 0, 11, 0
In15, Run: 021, P, 0, 11, 0
In15, Run: 022, P, 0, 11, 0
In15, Run: 023, P, 0, 11, 0
In15, Run: 024, P, 0, 11, 0
In15, Run: 025, P, 0, 11, 0
In15, Run: 026, P, 0, 11, 0
In15, Run: 027, P, 0, 11, 0
In15, Run: 028, P, 0, 11, 0
In15, Run: 029, P, 0, 11, 0
In15, Run: 030, P, 0, 11, 0
In15, Run: 031, P, 0, 11, 0
In15, Run: 032, P, 0, 11, 0
In15, Run: 033, P, 0, 11, 0
In15, Run: 034, P, 0, 11, 0
In15, Run: 035, P, 0, 11, 0
In15, Run: 036, P, 0, 11, 0
In15, Run: 037, P, 0, 11, 0
In15, Run: 038, P, 0, 11, 0
In15, Run: 039, P, 0, 11, 0
In15, Run: 040, P, 0, 11, 0
In15, Run: 041, P, 0, 11, 0
In15, Run: 042, P, 0, 11, 0
In15, Run: 043, P, 0, 11, 0
In15, Run: 044, P, 0, 11, 0
In15, Run: 045, P, 0, 11, 0
In15, Run: 046, P, 0, 11, 0
In15, Run: 047, P, 0, 11, 0
In15, Run: 048, P, 0, 11, 0
In15, Run: 049, P, 0, 11, 0
In15, Run: 050, P, 0, 11, 0
In15, Run: 051, P, 0, 11, 0
In15, Run: 052, P, 0, 11, 0
In15, Run: 053, P, 0, 11, 0
In15, Run: 054, P, 0, 11, 0
In15, Run: 055, P, 0, 11, 0
In15, Run: 056, P, 0, 11, 0
In15, Run: 057, P, 0, 11, 0
In15, Run: 058, P, 0, 11, 0
In15, Run: 059, P, 0, 11, 0
In15, Run: 060, P, 0, 11, 0
In15, Run: 061, P, 0, 11, 0
In15, Run: 062, P, 0, 11, 0
In15, Run: 063, P, 0, 11, 0
In15, Run: 064, P, 0, 11, 0
In15, Run: 065, P, 0, 11, 0
In15, Run: 066, P, 0, 11, 0
In15, Run: 067, P, 0, 11, 0
In15, Run: 068, P, 0, 11, 0
In15, Run: 069, P, 0, 11, 0
In15, Run: 070, P, 0, 11, 0
In15, Run: 071, P, 0, 11, 0
In15, Run: 072, P, 0, 11, 0
In15, Run: 073, P, 0, 11, 0
In15, Run: 074, P, 0, 11, 0
In15, Run: 075, P, 0, 11, 0
In15, Run: 076, P, 0, 11, 0
In15, Run: 077, P, 0, 11, 0
In15, Run: 078, P, 0, 11, 0
In15, Run: 079, P, 0, 11, 0
In15, Run: 080, P, 0, 11, 0
In15, Run: 081, P, 0, 11, 0
In15, Run: 082, P, 0, 11, 0
In15, Run: 083, P, 0, 11, 0
In15, Run: 084, P, 0, 11, 0
In15, Run: 085, P, 0, 11, 0
In15, Run: 086, P, 0, 11, 0
In15, Run: 087, P, 0, 11, 0
In15, Run: 088, P, 0, 11, 0
In15, Run: 089, P, 0, 11, 0
In15, Run: 090, P, 0, 11, 0
In15, Run: 091, P, 0, 11, 0
In15, Run: 092, P, 0, 11, 0
In15, Run: 093, P, 0, 11, 0
In15, Run: 094, P, 0, 11, 0
In15, Run: 095, P, 0, 11, 0
In15, Run: 096, P, 0, 11, 0
In15, Run: 097, P, 0, 11, 0
In15, Run: 098, P, 0, 11, 0
In15, Run: 099, P, 0, 11, 0
In15, Run: 100, P, 0, 11, 0
In17, Run: 001, P, 0, 16, 0
In17, Run: 002, P, 0, 16, 0
In17, Run: 003, P, 0, 16, 0
In17, Run: 004, P, 0, 16, 0
In17, Run: 005, P, 0, 16, 0
In17, Run: 006, P, 0, 16, 0
In17, Run: 007, P, 0, 16, 0
In17, Run: 008, P, 0, 16, 0
In17, Run: 009, P, 0, 16, 0
In17, Run: 010, P, 0, 16, 0
In17, Run: 011, P, 0, 16, 0
In17, Run: 012, P, 0, 16, 0
In17, Run: 013, P, 0, 16, 0
In17, Run: 014, P, 0, 16, 0
In17, Run: 015, P, 0, 16, 0
In17, Run: 016, P, 0, 16, 0
In17, Run: 017, P, 0, 16, 0
In17, Run: 018, P, 0, 16, 0
In17, Run: 019, P, 0, 16, 0
In17, Run: 020, P, 0, 16, 0
In17, Run: 021, P, 0, 16, 0
In17, Run: 022, P, 0, 16, 0
In17, Run: 023, P, 0, 16, 0
In17, Run: 024, P, 0, 16, 0
In17, Run: 025, P, 0, 16, 0
In17, Run: 026, P, 0, 16, 0
In17, Run: 027, P, 0, 16, 0
In17, Run: 028, P, 0, 16, 0
In17, Run: 029, P, 0, 16, 0
In17, Run: 030, P, 0, 16, 0
In17, Run: 031, P, 0, 16, 0
In17, Run: 032, P, 0, 16, 0
In17, Run: 033, P, 0, 16, 0
In17, Run: 034, P, 0, 16, 0
In17, Run: 035, P, 0, 16, 0
In17, Run: 036, P, 0, 16, 0
In17, Run: 037, P, 0, 16, 0
In17, Run: 038, P, 0, 16, 0
In17, Run: 039, P, 0, 16, 0
In17, Run: 040, P, 0, 16, 0
In17, Run: 041, P, 0, 16, 0
In17, Run: 042, P, 0, 16, 0
In17, Run: 043, P, 0, 16, 0
In17, Run: 044, P, 0, 16, 0
In17, Run: 045, P, 0, 16, 0
In17, Run: 046, P, 0, 16, 0
In17, Run: 047, P, 0, 16, 0
In17, Run: 048, P, 0, 16, 0
In17, Run: 049, P, 0, 16, 0
In17, Run: 050, P, 0, 16, 0
In17, Run: 051, P, 0, 16, 0
In17, Run: 052, P, 0, 16, 0
In17, Run: 053, P, 0, 16, 0
In17, Run: 054, P, 0, 16, 0
In17, Run: 055, P, 0, 16, 0
In17, Run: 056, P, 0, 16, 0
In17, Run: 057, P, 0, 16, 0
In17, Run: 058, P, 0, 16, 0
In17, Run: 059, P, 0, 16, 0
In17, Run: 060, P, 0, 16, 0
In17, Run: 061, P, 0, 16, 0
In17, Run: 062, P, 0, 16, 0
In17, Run: 063, P, 0, 16, 0
In17, Run: 064, P, 0, 16, 0
In17, Run: 065, P, 0, 16, 0
In17, Run: 066, P, 0, 16, 0
In17, Run: 067, P, 0, 16, 0
In17, Run: 068, P, 0, 16, 0
In17, Run: 069, P, 0, 16, 0
In17, Run: 070, P, 0, 16, 0
In17, Run: 071, P, 0, 16, 0
In17, Run: 072, P, 0, 16, 0
In17, Run: 073, P, 0, 16, 0
In17, Run: 074, P, 0, 16, 0
In17, Run: 075, P, 0, 16, 0
In17, Run: 076, P, 0, 16, 0
In17, Run: 077, P, 0, 16, 0
In17, Run: 078, P, 0, 16, 0
In17, Run: 079, P, 0, 16, 0
In17, Run: 080, P, 0, 16, 0
In17, Run: 081, P, 0, 16, 0
In17, Run: 082, P, 0, 16, 0
In17, Run: 083, P, 0, 16, 0
In17, Run: 084, P, 0, 16, 0
In17, Run: 085, P, 0, 16, 0
In17, Run: 086, P, 0, 16, 0
In17, Run: 087, P, 0, 16, 0
In17, Run: 088, P, 0, 16, 0
In17, Run: 089, P, 0, 16, 0
In17, Run: 090, P, 0, 16, 0
In17, Run: 091, P, 0, 16, 0
In17, Run: 092, P, 0, 16, 0
In17, Run: 093, P, 0, 16, 0
In17, Run: 094, P, 0, 16, 0
In17, Run: 095, P, 0, 16, 0
In17, Run: 096, P, 0, 16, 0
In17, Run: 097, P, 0, 16, 0
In17, Run: 098, P, 0, 16, 0
In17, Run: 099, P, 0, 16, 0
In17, Run: 100, P, 0, 16, 0
In22, Run: 001, P, 0, 29, 0
In22, Run: 002, P, 0, 29, 0
In22, Run: 003, P, 0, 29, 0
In22, Run: 004, P, 0, 29, 0
In22, Run: 005, P, 0, 29, 0
In22, Run: 006, P, 0, 29, 0
In22, Run: 007, P, 0, 29, 0
In22, Run: 008, P, 0, 29, 0
In22, Run: 009, P, 0, 29, 0
In22, Run: 010, P, 0, 29, 0
In22, Run: 011, P, 0, 29, 0
In22, Run: 012, P, 0, 29, 0
In22, Run: 013, P, 0, 29, 0
In22, Run: 014, P, 0, 29, 0
In22, Run: 015, P, 0, 29, 0
In22, Run: 016, P, 0, 29, 0
In22, Run: 017, P, 0, 29, 0
In22, Run: 018, P, 0, 29, 0
In22, Run: 019, P, 0, 29, 0
In22, Run: 020, P, 0, 29, 0
In22, Run: 021, P, 0, 29, 0
In22, Run: 022, P, 0, 29, 0
In22, Run: 023, P, 0, 29, 0
In22, Run: 024, P, 0, 29, 0
In22, Run: 025, P, 0, 29, 0
In22, Run: 026, P, 0, 29, 0
In22, Run: 027, P, 0, 29, 0
In22, Run: 028, P, 0, 29, 0
In22, Run: 029, P, 0, 29, 0
In22, Run: 030, P, 0, 29, 0
In22, Run: 031, P, 0, 29, 0
In22, Run: 032, P, 0, 29, 0
In22, Run: 033, P, 0, 29, 0
In22, Run: 034, P, 0, 29, 0
In22, Run: 035, P, 0, 29, 0
In22, Run: 036, P, 0, 29, 0
In22, Run: 037, P, 0, 29, 0
In22, Run: 038, P, 0, 29, 0
In22, Run: 039, P, 0, 29, 0
In22, Run: 040, P, 0, 29, 0
In22, Run: 041, P, 0, 29, 0
In22, Run: 042, P, 0, 29, 0
In22, Run: 043, P, 0, 29, 0
In22, Run: 044, P, 0, 29, 0
In22, Run: 045, P, 0, 29, 0
In22, Run: 046, P, 0, 29, 0
In22, Run: 047, P, 0, 29, 0
In22, Run: 048, P, 0, 29, 0
In22, Run: 049, P, 0, 29, 0
In22, Run: 050, P, 0, 29, 0
In22, Run: 051, P, 0, 29, 0
In22, Run: 052, P, 0, 29, 0
In22, Run: 053, P, 0, 29, 0
In22, Run: 054, P, 0, 29, 0
In22, Run: 055, P, 0, 29, 0
In22, Run: 056, P, 0, 29, 0
In22, Run: 057, P, 0, 29, 0
In22, Run: 058, P, 0, 29, 0
In22, Run: 059, P, 0, 29, 0
In22, Run: 060, P, 0, 29, 0
In22, Run: 061, P, 0, 29, 0
In22, Run: 062, P, 0, 29, 0
In22, Run: 063, P, 0, 29, 0
In22, Run: 064, P, 0, 29, 0
In22, Run: 065, P, 0, 29, 0
In22, Run: 066, P, 0, 29, 0
In22, Run: 067, P, 0, 29, 0
In22, Run: 068, P, 0, 29, 0
In22, Run: 069, P, 0, 29, 0
In22, Run: 070, P, 0, 29, 0
In22, Run: 071, P, 0, 29, 0
In22, Run: 072, P, 0, 29, 0
In22, Run: 073, P, 0, 29, 0
In22, Run: 074, P, 0, 29, 0
In22, Run: 075, P, 0, 29, 0
In22, Run: 076, P, 0, 29, 0
In22, Run: 077, P, 0, 29, 0
In22, Run: 078, P, 0, 29, 0
In22, Run: 079, P, 0, 29, 0
In22, Run: 080, P, 0, 29, 0
In22, Run: 081, P, 0, 29, 0
In22, Run: 082, P, 0, 29, 0
In22, Run: 083, P, 0, 29, 0
In22, Run: 084, P, 0, 29, 0
In22, Run: 085, P, 0, 29, 0
In22, Run: 086, P, 0, 29, 0
In22, Run: 087, P, 0, 29, 0
In22, Run: 088, P, 0, 29, 0
In22, Run: 089, P, 0, 29, 0
In22, Run: 090, P, 0, 29, 0
In22, Run: 091, P, 0, 29, 0
In22, Run: 092, P, 0, 29, 0
In22, Run: 093, P, 0, 29, 0
In22, Run: 094, P, 0, 29, 0
In22, Run: 095, P, 0, 29, 0
In22, Run: 096, P, 0, 29, 0
In22, Run: 097, P, 0, 29, 0
In22, Run: 098, P, 0, 29, 0
In22, Run: 099, P, 0, 29, 0
In22, Run: 100, P, 0, 29, 0
In23, Run: 001, P, 0, 43, 0
In23, Run: 002, P, 0, 43, 0
In23, Run: 003, P, 0, 43, 0
In23, Run: 004, P, 0, 43, 0
In23, Run: 005, P, 0, 43, 0
In23, Run: 006, P, 0, 43, 0
In23, Run: 007, P, 0, 43, 0
In23, Run: 008, P, 0, 43, 0
In23, Run: 009, P, 0, 43, 0
In23, Run: 010, P, 0, 43, 0
In23, Run: 011, P, 0, 43, 0
In23, Run: 012, P, 0, 43, 0
In23, Run: 013, P, 0, 43, 0
In23, Run: 014, P, 0, 43, 0
In23, Run: 015, P, 0, 43, 0
In23, Run: 016, P, 0, 43, 0
In23, Run: 017, P, 0, 43, 0
In23, Run: 018, P, 0, 43, 0
In23, Run: 019, P, 0, 43, 0
In23, Run: 020, P, 0, 43, 0
In23, Run: 021, P, 0, 43, 0
In23, Run: 022, P, 0, 43, 0
In23, Run: 023, P, 0, 43, 0
In23, Run: 024, P, 0, 43, 0
In23, Run: 025, P, 0, 43, 0
In23, Run: 026, P, 0, 43, 0
In23, Run: 027, P, 0, 43, 0
In23, Run: 028, P, 0, 43, 0
In23, Run: 029, P, 0, 43, 0
In23, Run: 030, P, 0, 43, 0
In23, Run: 031, P, 0, 43, 0
In23, Run: 032, P, 0, 43, 0
In23, Run: 033, P, 0, 43, 0
In23, Run: 034, P, 0, 43, 0
In23, Run: 035, P, 0, 43, 0
In23, Run: 036, P, 0, 43, 0
In23, Run: 037, P, 0, 43, 0
In23, Run: 038, P, 0, 43, 0
In23, Run: 039, P, 0, 43, 0
In23, Run: 040, P, 0, 43, 0
In23, Run: 041, P, 0, 43, 0
In23, Run: 042, P, 0, 43, 0
In23, Run: 043, P, 0, 43, 0
In23, Run: 044, P, 0, 43, 0
In23, Run: 045, P, 0, 43, 0
In23, Run: 046, P, 0, 43, 0
In23, Run: 047, P, 0, 43, 0
In23, Run: 048, P, 0, 43, 0
In23, Run: 049, P, 0, 43, 0
In23, Run: 050, P, 0, 43, 0
In23, Run: 051, P, 0, 43, 0
In23, Run: 052, P, 0, 43, 0
In23, Run: 053, P, 0, 43, 0
In23, Run: 054, P, 0, 43, 0
In23, Run: 055, P, 0, 43, 0
In23, Run: 056, P, 0, 43, 0
In23, Run: 057, P, 0, 43, 0
In23, Run: 058, P, 0, 43, 0
In23, Run: 059, P, 0, 43, 0
In23, Run: 060, P, 0, 43, 0
In23, Run: 061, P, 0, 43, 0
In23, Run: 062, P, 0, 43, 0
In23, Run: 063, P, 0, 43, 0
In23, Run: 064, P, 0, 43, 0
In23, Run: 065, P, 0, 43, 0
In23, Run: 066, P, 0, 43, 0
In23, Run: 067, P, 0, 43, 0
In23, Run: 068, P, 0, 43, 0
In23, Run: 069, P, 0, 43, 0
In23, Run: 070, P, 0, 43, 0
In23, Run: 071, P, 0, 43, 0
In23, Run: 072, P, 0, 43, 0
In23, Run: 073, P, 0, 43, 0
In23, Run: 074, P, 0, 43, 0
In23, Run: 075, P, 0, 43, 0
In23, Run: 076, P, 0, 43, 0
In23, Run: 077, P, 0, 43, 0
In23, Run: 078, P, 0, 43, 0
In23, Run: 079, P, 0, 43, 0
In23, Run: 080, P, 0, 43, 0
In23, Run: 081, P, 0, 43, 0
In23, Run: 082, P, 0, 43, 0
In23, Run: 083, P, 0, 43, 0
In23, Run: 084, P, 0, 43, 0
In23, Run: 085, P, 0, 43, 0
In23, Run: 086, P, 0, 43, 0
In23, Run: 087, P, 0, 43, 0
In23, Run: 088, P, 0, 43, 0
In23, Run: 089, P, 0, 43, 0
In23, Run: 090, P, 0, 43, 0
In23, Run: 091, P, 0, 43, 0
In23, Run: 092, P, 0, 43, 0
In23, Run: 093, P, 0, 43, 0
In23, Run: 094, P, 0, 43, 0
In23, Run: 095, P, 0, 43, 0
In23, Run: 096, P, 0, 43, 0
In23, Run: 097, P, 0, 43, 0
In23, Run: 098, P, 0, 43, 0
In23, Run: 099, P, 0, 43, 0
In23, Run: 100, P, 0, 43, 0
In24, Run: 001, P, 0, 35, 0
In24, Run: 002, P, 0, 35, 0
In24, Run: 003, P, 0, 35, 0
In24, Run: 004, P, 0, 35, 0
In24, Run: 005, P, 0, 35, 0
In24, Run: 006, P, 0, 35, 0
In24, Run: 007, P, 0, 35, 0
In24, Run: 008, P, 0, 35, 0
In24, Run: 009, P, 0, 35, 0
In24, Run: 010, P, 0, 35, 0
In24, Run: 011, P, 0, 35, 0
In24, Run: 012, P, 0, 35, 0
In24, Run: 013, P, 0, 35, 0
In24, Run: 014, P, 0, 35, 0
In24, Run: 015, P, 0, 35, 0
In24, Run: 016, P, 0, 35, 0
In24, Run: 017, P, 0, 35, 0
In24, Run: 018, P, 0, 35, 0
In24, Run: 019, P, 0, 35, 0
In24, Run: 020, P, 0, 35, 0
In24, Run: 021, P, 0, 35, 0
In24, Run: 022, P, 0, 35, 0
In24, Run: 023, P, 0, 35, 0
In24, Run: 024, P, 0, 35, 0
In24, Run: 025, P, 0, 35, 0
In24, Run: 026, P, 0, 35, 0
In24, Run: 027, P, 0, 35, 0
In24, Run: 028, P, 0, 35, 0
In24, Run: 029, P, 0, 35, 0
In24, Run: 030, P, 0, 35, 0
In24, Run: 031, P, 0, 35, 0
In24, Run: 032, P, 0, 35, 0
In24, Run: 033, P, 0, 35, 0
In24, Run: 034, P, 0, 35, 0
In24, Run: 035, P, 0, 35, 0
In24, Run: 036, P, 0, 35, 0
In24, Run: 037, P, 0, 35, 0
In24, Run: 038, P, 0, 35, 0
In24, Run: 039, P, 0, 35, 0
In24, Run: 040, P, 0, 35, 0
In24, Run: 041, P, 0, 35, 0
In24, Run: 042, P, 0, 35, 0
In24, Run: 043, P, 0, 35, 0
In24, Run: 044, P, 0, 35, 0
In24, Run: 045, P, 0, 35, 0
In24, Run: 046, P, 0, 35, 0
In24, Run: 047, P, 0, 35, 0
In24, Run: 048, P, 0, 35, 0
In24, Run: 049, P, 0, 35, 0
In24, Run: 050, P, 0, 35, 0
In24, Run: 051, P, 0, 35, 0
In24, Run: 052, P, 0, 35, 0
In24, Run: 053, P, 0, 35, 0
In24, Run: 054, P, 0, 35, 0
In24, Run: 055, P, 0, 35, 0
In24, Run: 056, P, 0, 35, 0
In24, Run: 057, P, 0, 35, 0
In24, Run: 058, P, 0, 35, 0
In24, Run: 059, P, 0, 35, 0
In24, Run: 060, P, 0, 35, 0
In24, Run: 061, P, 0, 35, 0
In24, Run: 062, P, 0, 35, 0
In24, Run: 063, P, 0, 35, 0
In24, Run: 064, P, 0, 35, 0
In24, Run: 065, P, 0, 35, 0
In24, Run: 066, P, 0, 35, 0
In24, Run: 067, P, 0, 35, 0
In24, Run: 068, P, 0, 35, 0
In24, Run: 069, P, 0, 35, 0
In24, Run: 070, P, 0, 35, 0
In24, Run: 071, P, 0, 35, 0
In24, Run: 072, P, 0, 35, 0
In24, Run: 073, P, 0, 35, 0
In24, Run: 074, P, 0, 35, 0
In24, Run: 075, P, 0, 35, 0
In24, Run: 076, P, 0, 35, 0
In24, Run: 077, P, 0, 35, 0
In24, Run: 078, P, 0, 35, 0
In24, Run: 079, P, 0, 35, 0
In24, Run: 080, P, 0, 35, 0
In24, Run: 081, P, 0, 35, 0
In24, Run: 082, P, 0, 35, 0
In24, Run: 083, P, 0, 35, 0
In24, Run: 084, P, 0, 35, 0
In24, Run: 085, P, 0, 35, 0
In24, Run: 086, P, 0, 35, 0
In24, Run: 087, P, 0, 35, 0
In24, Run: 088, P, 0, 35, 0
In24, Run: 089, P, 0, 35, 0
In24, Run: 090, P, 0, 35, 0
In24, Run: 091, P, 0, 35, 0
In24, Run: 092, P, 0, 35, 0
In24, Run: 093, P, 0, 35, 0
In24, Run: 094, P, 0, 35, 0
In24, Run: 095, P, 0, 35, 0
In24, Run: 096, P, 0, 35, 0
In24, Run: 097, P, 0, 35, 0
In24, Run: 098, P, 0, 35, 0
In24, Run: 099, P, 0, 35, 0
In24, Run: 100, P, 0, 35, 0
In35, Run: 001, P, 0, 2, 0
In35, Run: 002, P, 0, 2, 0
In35, Run: 003, P, 0, 2, 0
In35, Run: 004, P, 0, 2, 0
In35, Run: 005, P, 0, 2, 0
In35, Run: 006, P, 0, 2, 0
In35, Run: 007, P, 0, 2, 0
In35, Run: 008, P, 0, 2, 0
In35, Run: 009, P, 0, 2, 0
In35, Run: 010, P, 0, 2, 0
In35, Run: 011, P, 0, 2, 0
In35, Run: 012, P, 0, 2, 0
In35, Run: 013, P, 0, 2, 0
In35, Run: 014, P, 0, 2, 0
In35, Run: 015, P, 0, 2, 0
In35, Run: 016, P, 0, 2, 0
In35, Run: 017, P, 0, 2, 0
In35, Run: 018, P, 0, 2, 0
In35, Run: 019, P, 0, 2, 0
In35, Run: 020, P, 0, 2, 0
In35, Run: 021, P, 0, 2, 0
In35, Run: 022, P, 0, 2, 0
In35, Run: 023, P, 0, 2, 0
In35, Run: 024, P, 0, 2, 0
In35, Run: 025, P, 0, 2, 0
In35, Run: 026, P, 0, 2, 0
In35, Run: 027, P, 0, 2, 0
In35, Run: 028, P, 0, 2, 0
In35, Run: 029, P, 0, 2, 0
In35, Run: 030, P, 0, 2, 0
In35, Run: 031, P, 0, 2, 0
In35, Run: 032, P, 0, 2, 0
In35, Run: 033, P, 0, 2, 0
In35, Run: 034, P, 0, 2, 0
In35, Run: 035, P, 0, 2, 0
In35, Run: 036, P, 0, 2, 0
In35, Run: 037, P, 0, 2, 0
In35, Run: 038, P, 0, 2, 0
In35, Run: 039, P, 0, 2, 0
In35, Run: 040, P, 0, 2, 0
In35, Run: 041, P, 0, 2, 0
In35, Run: 042, P, 0, 2, 0
In35, Run: 043, P, 0, 2, 0
In35, Run: 044, P, 0, 2, 0
In35, Run: 045, P, 0, 2, 0
In35, Run: 046, P, 0, 2, 0
In35, Run: 047, P, 0, 2, 0
In35, Run: 048, P, 0, 2, 0
In35, Run: 049, P, 0, 2, 0
In35, Run: 050, P, 0, 2, 0
In35, Run: 051, P, 0, 2, 0
In35, Run: 052, P, 0, 2, 0
In35, Run: 053, P, 0, 2, 0
In35, Run: 054, P, 0, 2, 0
In35, Run: 055, P, 0, 2, 0
In35, Run: 056, P, 0, 2, 0
In35, Run: 057, P, 0, 2, 0
In35, Run: 058, P, 0, 2, 0
In35, Run: 059, P, 0, 2, 0
In35, Run: 060, P, 0, 2, 0
In35, Run: 061, P, 0, 2, 0
In35, Run: 062, P, 0, 2, 0
In35, Run: 063, P, 0, 2, 0
In35, Run: 064, P, 0, 2, 0
In35, Run: 065, P, 0, 2, 0
In35, Run: 066, P, 0, 2, 0
In35, Run: 067, P, 0, 2, 0
In35, Run: 068, P, 0, 2, 0
In35, Run: 069, P, 0, 2, 0
In35, Run: 070, P, 0, 2, 0
In35, Run: 071, P, 0, 2, 0
In35, Run: 072, P, 0, 2, 0
In35, Run: 073, P, 0, 2, 0
In35, Run: 074, P, 0, 2, 0
In35, Run: 075, P, 0, 2, 0
In35, Run: 076, P, 0, 2, 0
In35, Run: 077, P, 0, 2, 0
In35, Run: 078, P, 0, 2, 0
In35, Run: 079, P, 0, 2, 0
In35, Run: 080, P, 0, 2, 0
In35, Run: 081, P, 0, 2, 0
In35, Run: 082, P, 0, 2, 0
In35, Run: 083, P, 0, 2, 0
In35, Run: 084, P, 0, 2, 0
In35, Run: 085, P, 0, 2, 0
In35, Run: 086, P, 0, 2, 0
In35, Run: 087, P, 0, 2, 0
In35, Run: 088, P, 0, 2, 0
In35, Run: 089, P, 0, 2, 0
In35, Run: 090, P, 0, 2, 0
In35, Run: 091, P, 0, 2, 0
In35, Run: 092, P, 0, 2, 0
In35, Run: 093, P, 0, 2, 0
In35, Run: 094, P, 0, 2, 0
In35, Run: 095, P, 0, 2, 0
In35, Run: 096, P, 0, 2, 0
In35, Run: 097, P, 0, 2, 0
In35, Run: 098, P, 0, 2, 0
In35, Run: 099, P, 0, 2, 0
In35, Run: 100, P, 0, 2, 0
In36, Run: 001, P, 0, 48, 0
In36, Run: 002, P, 0, 48, 0
In36, Run: 003, P, 0, 48, 0
In36, Run: 004, P, 0, 48, 0
In36, Run: 005, P, 0, 48, 0
In36, Run: 006, P, 0, 48, 0
In36, Run: 007, P, 0, 48, 0
In36, Run: 008, P, 0, 48, 0
In36, Run: 009, P, 0, 48, 0
In36, Run: 010, P, 0, 48, 0
In36, Run: 011, P, 0, 48, 0
In36, Run: 012, P, 0, 48, 0
In36, Run: 013, P, 0, 48, 0
In36, Run: 014, P, 0, 48, 0
In36, Run: 015, P, 0, 48, 0
In36, Run: 016, P, 0, 48, 0
In36, Run: 017, P, 0, 48, 0
In36, Run: 018, P, 0, 48, 0
In36, Run: 019, P, 0, 48, 0
In36, Run: 020, P, 0, 48, 0
In36, Run: 021, P, 0, 48, 0
In36, Run: 022, P, 0, 48, 0
In36, Run: 023, P, 0, 48, 0
In36, Run: 024, P, 0, 48, 0
In36, Run: 025, P, 0, 48, 0
In36, Run: 026, P, 0, 48, 0
In36, Run: 027, P, 0, 48, 0
In36, Run: 028, P, 0, 48, 0
In36, Run: 029, P, 0, 48, 0
In36, Run: 030, P, 0, 48, 0
In36, Run: 031, P, 0, 48, 0
In36, Run: 032, P, 0, 48, 0
In36, Run: 033, P, 0, 48, 0
In36, Run: 034, P, 0, 48, 0
In36, Run: 035, P, 0, 48, 0
In36, Run: 036, P, 0, 48, 0
In36, Run: 037, P, 0, 48, 0
In36, Run: 038, P, 0, 48, 0
In36, Run: 039, P, 0, 48, 0
In36, Run: 040, P, 0, 48, 0
In36, Run: 041, P, 0, 48, 0
In36, Run: 042, P, 0, 48, 0
In36, Run: 043, P, 0, 48, 0
In36, Run: 044, P, 0, 48, 0
In36, Run: 045, P, 0, 48, 0
In36, Run: 046, P, 0, 48, 0
In36, Run: 047, P, 0, 48, 0
In36, Run: 048, P, 0, 48, 0
In36, Run: 049, P, 0, 48, 0
In36, Run: 050, P, 0, 48, 0
In36, Run: 051, P, 0, 48, 0
In36, Run: 052, P, 0, 48, 0
In36, Run: 053, P, 0, 48, 0
In36, Run: 054, P, 0, 48, 0
In36, Run: 055, P, 0, 48, 0
In36, Run: 056, P, 0, 48, 0
In36, Run: 057, P, 0, 48, 0
In36, Run: 058, P, 0, 48, 0
In36, Run: 059, P, 0, 48, 0
In36, Run: 060, P, 0, 48, 0
In36, Run: 061, P, 0, 48, 0
In36, Run: 062, P, 0, 48, 0
In36, Run: 063, P, 0, 48, 0
In36, Run: 064, P, 0, 48, 0
In36, Run: 065, P, 0, 48, 0
In36, Run: 066, P, 0, 48, 0
In36, Run: 067, P, 0, 48, 0
In36, Run: 068, P, 0, 48, 0
In36, Run: 069, P, 0, 48, 0
In36, Run: 070, P, 0, 48, 0
In36, Run: 071, P, 0, 48, 0
In36, Run: 072, P, 0, 48, 0
In36, Run: 073, P, 0, 48, 0
In36, Run: 074, P, 0, 48, 0
In36, Run: 075, P, 0, 48, 0
In36, Run: 076, P, 0, 48, 0
In36, Run: 077, P, 0, 48, 0
In36, Run: 078, P, 0, 48, 0
In36, Run: 079, P, 0, 48, 0
In36, Run: 080, P, 0, 48, 0
In36, Run: 081, P, 0, 48, 0
In36, Run: 082, P, 0, 48, 0
In36, Run: 083, P, 0, 48, 0
In36, Run: 084, P, 0, 48, 0
In36, Run: 085, P, 0, 48, 0
In36, Run: 086, P, 0, 48, 0
In36, Run: 087, P, 0, 48, 0
In36, Run: 088, P, 0, 48, 0
In36, Run: 089, P, 0, 48, 0
In36, Run: 090, P, 0, 48, 0
In36, Run: 091, P, 0, 48, 0
In36, Run: 092, P, 0, 48, 0
In36, Run: 093, P, 0, 48, 0
In36, Run: 094, P, 0, 48, 0
In36, Run: 095, P, 0, 48, 0
In36, Run: 096, P, 0, 48, 0
In36, Run: 097, P, 0, 48, 0
In36, Run: 098, P, 0, 48, 0
In36, Run: 099, P, 0, 48, 0
In36, Run: 100, P, 0, 48, 0
In37, Run: 001, P, 0, 46, 0
In37, Run: 002, P, 0, 46, 0
In37, Run: 003, P, 0, 46, 0
In37, Run: 004, P, 0, 46, 0
In37, Run: 005, P, 0, 46, 0
In37, Run: 006, P, 0, 46, 0
In37, Run: 007, P, 0, 46, 0
In37, Run: 008, P, 0, 46, 0
In37, Run: 009, P, 0, 46, 0
In37, Run: 010, P, 0, 46, 0
In37, Run: 011, P, 0, 46, 0
In37, Run: 012, P, 0, 46, 0
In37, Run: 013, P, 0, 46, 0
In37, Run: 014, P, 0, 46, 0
In37, Run: 015, P, 0, 46, 0
In37, Run: 016, P, 0, 46, 0
In37, Run: 017, P, 0, 46, 0
In37, Run: 018, P, 0, 46, 0
In37, Run: 019, P, 0, 46, 0
In37, Run: 020, P, 0, 46, 0
In37, Run: 021, P, 0, 46, 0
In37, Run: 022, P, 0, 46, 0
In37, Run: 023, P, 0, 46, 0
In37, Run: 024, P, 0, 46, 0
In37, Run: 025, P, 0, 46, 0
In37, Run: 026, P, 0, 46, 0
In37, Run: 027, P, 0, 46, 0
In37, Run: 028, P, 0, 46, 0
In37, Run: 029, P, 0, 46, 0
In37, Run: 030, P, 0, 46, 0
In37, Run: 031, P, 0, 46, 0
In37, Run: 032, P, 0, 46, 0
In37, Run: 033, P, 0, 46, 0
In37, Run: 034, P, 0, 46, 0
In37, Run: 035, P, 0, 46, 0
In37, Run: 036, P, 0, 46, 0
In37, Run: 037, P, 0, 46, 0
In37, Run: 038, P, 0, 46, 0
In37, Run: 039, P, 0, 46, 0
In37, Run: 040, P, 0, 46, 0
In37, Run: 041, P, 0, 46, 0
In37, Run: 042, P, 0, 46, 0
In37, Run: 043, P, 0, 46, 0
In37, Run: 044, P, 0, 46, 0
In37, Run: 045, P, 0, 46, 0
In37, Run: 046, P, 0, 46, 0
In37, Run: 047, P, 0, 46, 0
In37, Run: 048, P, 0, 46, 0
In37, Run: 049, P, 0, 46, 0
In37, Run: 050, P, 0, 46, 0
In37, Run: 051, P, 0, 46, 0
In37, Run: 052, P, 0, 46, 0
In37, Run: 053, P, 0, 46, 0
In37, Run: 054, P, 0, 46, 0
In37, Run: 055, P, 0, 46, 0
In37, Run: 056, P, 0, 46, 0
In37, Run: 057, P, 0, 46, 0
In37, Run: 058, P, 0, 46, 0
In37, Run: 059, P, 0, 46, 0
In37, Run: 060, P, 0, 46, 0
In37, Run: 061, P, 0, 46, 0
In37, Run: 062, P, 0, 46, 0
In37, Run: 063, P, 0, 46, 0
In37, Run: 064, P, 0, 46, 0
In37, Run: 065, P, 0, 46, 0
In37, Run: 066, P, 0, 46, 0
In37, Run: 067, P, 0, 46, 0
In37, Run: 068, P, 0, 46, 0
In37, Run: 069, P, 0, 46, 0
In37, Run: 070, P, 0, 46, 0
In37, Run: 071, P, 0, 46, 0
In37, Run: 072, P, 0, 46, 0
In37, Run: 073, P, 0, 46, 0
In37, Run: 074, P, 0, 46, 0
In37, Run: 075, P, 0, 46, 0
In37, Run: 076, P, 0, 46, 0
In37, Run: 077, P, 0, 46, 0
In37, Run: 078, P, 0, 46, 0
In37, Run: 079, P, 0, 46, 0
In37, Run: 080, P, 0, 46, 0
In37, Run: 081, P, 0, 46, 0
In37, Run: 082, P, 0, 46, 0
In37, Run: 083, P, 0, 46, 0
In37, Run: 084, P, 0, 46, 0
In37, Run: 085, P, 0, 46, 0
In37, Run: 086, P, 0, 46, 0
In37, Run: 087, P, 0, 46, 0
In37, Run: 088, P, 0, 46, 0
In37, Run: 089, P, 0, 46, 0
In37, Run: 090, P, 0, 46, 0
In37, Run: 091, P, 0, 46, 0
In37, Run: 092, P, 0, 46, 0
In37, Run: 093, P, 0, 46, 0
In37, Run: 094, P, 0, 46, 0
In37, Run: 095, P, 0, 46, 0
In37, Run: 096, P, 0, 46, 0
In37, Run: 097, P, 0, 46, 0
In37, Run: 098, P, 0, 46, 0
In37, Run: 099, P, 0, 46, 0
In37, Run: 100, P, 0, 46, 0
In38, Run: 001, P, 0, 19, 0
In38, Run: 002, P, 0, 19, 0
In38, Run: 003, P, 0, 19, 0
In38, Run: 004, P, 0, 19, 0
In38, Run: 005, P, 0, 19, 0
In38, Run: 006, P, 0, 19, 0
In38, Run: 007, P, 0, 19, 0
In38, Run: 008, P, 0, 19, 0
In38, Run: 009, P, 0, 19, 0
In38, Run: 010, P, 0, 19, 0
In38, Run: 011, P, 0, 19, 0
In38, Run: 012, P, 0, 19, 0
In38, Run: 013, P, 0, 19, 0
In38, Run: 014, P, 0, 19, 0
In38, Run: 015, P, 0, 19, 0
In38, Run: 016, P, 0, 19, 0
In38, Run: 017, P, 0, 19, 0
In38, Run: 018, P, 0, 19, 0
In38, Run: 019, P, 0, 19, 0
In38, Run: 020, P, 0, 19, 0
In38, Run: 021, P, 0, 19, 0
In38, Run: 022, P, 0, 19, 0
In38, Run: 023, P, 0, 19, 0
In38, Run: 024, P, 0, 19, 0
In38, Run: 025, P, 0, 19, 0
In38, Run: 026, P, 0, 19, 0
In38, Run: 027, P, 0, 19, 0
In38, Run: 028, P, 0, 19, 0
In38, Run: 029, P, 0, 19, 0
In38, Run: 030, P, 0, 19, 0
In38, Run: 031, P, 0, 19, 0
In38, Run: 032, P, 0, 19, 0
In38, Run: 033, P, 0, 19, 0
In38, Run: 034, P, 0, 19, 0
In38, Run: 035, P, 0, 19, 0
In38, Run: 036, P, 0, 19, 0
In38, Run: 037, P, 0, 19, 0
In38, Run: 038, P, 0, 19, 0
In38, Run: 039, P, 0, 19, 0
In38, Run: 040, P, 0, 19, 0
In38, Run: 041, P, 0, 19, 0
In38, Run: 042, P, 0, 19, 0
In38, Run: 043, P, 0, 19, 0
In38, Run: 044, P, 0, 19, 0
In38, Run: 045, P, 0, 19, 0
In38, Run: 046, P, 0, 19, 0
In38, Run: 047, P, 0, 19, 0
In38, Run: 048, P, 0, 19, 0
In38, Run: 049, P, 0, 19, 0
In38, Run: 050, P, 0, 19, 0
In38, Run: 051, P, 0, 19, 0
In38, Run: 052, P, 0, 19, 0
In38, Run: 053, P, 0, 19, 0
In38, Run: 054, P, 0, 19, 0
In38, Run: 055, P, 0, 19, 0
In38, Run: 056, P, 0, 19, 0
In38, Run: 057, P, 0, 19, 0
In38, Run: 058, P, 0, 19, 0
In38, Run: 059, P, 0, 19, 0
In38, Run: 060, P, 0, 19, 0
In38, Run: 061, P, 0, 19, 0
In38, Run: 062, P, 0, 19, 0
In38, Run: 063, P, 0, 19, 0
In38, Run: 064, P, 0, 19, 0
In38, Run: 065, P, 0, 19, 0
In38, Run: 066, P, 0, 19, 0
In38, Run: 067, P, 0, 19, 0
In38, Run: 068, P, 0, 19, 0
In38, Run: 069, P, 0, 19, 0
In38, Run: 070, P, 0, 19, 0
In38, Run: 071, P, 0, 19, 0
In38, Run: 072, P, 0, 19, 0
In38, Run: 073, P, 0, 19, 0
In38, Run: 074, P, 0, 19, 0
In38, Run: 075, P, 0, 19, 0
In38, Run: 076, P, 0, 19, 0
In38, Run: 077, P, 0, 19, 0
In38, Run: 078, P, 0, 19, 0
In38, Run: 079, P, 0, 19, 0
In38, Run: 080, P, 0, 19, 0
In38, Run: 081, P, 0, 19, 0
In38, Run: 082, P, 0, 19, 0
In38, Run: 083, P, 0, 19, 0
In38, Run: 084, P, 0, 19, 0
In38, Run: 085, P, 0, 19, 0
In38, Run: 086, P, 0, 19, 0
In38, Run: 087, P, 0, 19, 0
In38, Run: 088, P, 0, 19, 0
In38, Run: 089, P, 0, 19, 0
In38, Run: 090, P, 0, 19, 0
In38, Run: 091, P, 0, 19, 0
In38, Run: 092, P, 0, 19, 0
In38, Run: 093, P, 0, 19, 0
In38, Run: 094, P, 0, 19, 0
In38, Run: 095, P, 0, 19, 0
In38, Run: 096, P, 0, 19, 0
In38, Run: 097, P, 0, 19, 0
In38, Run: 098, P, 0, 19, 0
In38, Run: 099, P, 0, 19, 0
In38, Run: 100, P, 0, 19, 0
In39, Run: 001, P, 0, 35, 0
In39, Run: 002, P, 0, 35, 0
In39, Run: 003, P, 0, 35, 0
In39, Run: 004, P, 0, 35, 0
In39, Run: 005, P, 0, 35, 0
In39, Run: 006, P, 0, 35, 0
In39, Run: 007, P, 0, 35, 0
In39, Run: 008, P, 0, 35, 0
In39, Run: 009, P, 0, 35, 0
In39, Run: 010, P, 0, 35, 0
In39, Run: 011, P, 0, 35, 0
In39, Run: 012, P, 0, 35, 0
In39, Run: 013, P, 0, 35, 0
In39, Run: 014, P, 0, 35, 0
In39, Run: 015, P, 0, 35, 0
In39, Run: 016, P, 0, 35, 0
In39, Run: 017, P, 0, 35, 0
In39, Run: 018, P, 0, 35, 0
In39, Run: 019, P, 0, 35, 0
In39, Run: 020, P, 0, 35, 0
In39, Run: 021, P, 0, 35, 0
In39, Run: 022, P, 0, 35, 0
In39, Run: 023, P, 0, 35, 0
In39, Run: 024, P, 0, 35, 0
In39, Run: 025, P, 0, 35, 0
In39, Run: 026, P, 0, 35, 0
In39, Run: 027, P, 0, 35, 0
In39, Run: 028, P, 0, 35, 0
In39, Run: 029, P, 0, 35, 0
In39, Run: 030, P, 0, 35, 0
In39, Run: 031, P, 0, 35, 0
In39, Run: 032, P, 0, 35, 0
In39, Run: 033, P, 0, 35, 0
In39, Run: 034, P, 0, 35, 0
In39, Run: 035, P, 0, 35, 0
In39, Run: 036, P, 0, 35, 0
In39, Run: 037, P, 0, 35, 0
In39, Run: 038, P, 0, 35, 0
In39, Run: 039, P, 0, 35, 0
In39, Run: 040, P, 0, 35, 0
In39, Run: 041, P, 0, 35, 0
In39, Run: 042, P, 0, 35, 0
In39, Run: 043, P, 0, 35, 0
In39, Run: 044, P, 0, 35, 0
In39, Run: 045, P, 0, 35, 0
In39, Run: 046, P, 0, 35, 0
In39, Run: 047, P, 0, 35, 0
In39, Run: 048, P, 0, 35, 0
In39, Run: 049, P, 0, 35, 0
In39, Run: 050, P, 0, 35, 0
In39, Run: 051, P, 0, 35, 0
In39, Run: 052, P, 0, 35, 0
In39, Run: 053, P, 0, 35, 0
In39, Run: 054, P, 0, 35, 0
In39, Run: 055, P, 0, 35, 0
In39, Run: 056, P, 0, 35, 0
In39, Run: 057, P, 0, 35, 0
In39, Run: 058, P, 0, 35, 0
In39, Run: 059, P, 0, 35, 0
In39, Run: 060, P, 0, 35, 0
In39, Run: 061, P, 0, 35, 0
In39, Run: 062, P, 0, 35, 0
In39, Run: 063, P, 0, 35, 0
In39, Run: 064, P, 0, 35, 0
In39, Run: 065, P, 0, 35, 0
In39, Run: 066, P, 0, 35, 0
In39, Run: 067, P, 0, 35, 0
In39, Run: 068, P, 0, 35, 0
In39, Run: 069, P, 0, 35, 0
In39, Run: 070, P, 0, 35, 0
In39, Run: 071, P, 0, 35, 0
In39, Run: 072, P, 0, 35, 0
In39, Run: 073, P, 0, 35, 0
In39, Run: 074, P, 0, 35, 0
In39, Run: 075, P, 0, 35, 0
In39, Run: 076, P, 0, 35, 0
In39, Run: 077, P, 0, 35, 0
In39, Run: 078, P, 0, 35, 0
In39, Run: 079, P, 0, 35, 0
In39, Run: 080, P, 0, 35, 0
In39, Run: 081, P, 0, 35, 0
In39, Run: 082, P, 0, 35, 0
In39, Run: 083, P, 0, 35, 0
In39, Run: 084, P, 0, 35, 0
In39, Run: 085, P, 0, 35, 0
In39, Run: 086, P, 0, 35, 0
In39, Run: 087, P, 0, 35, 0
In39, Run: 088, P, 0, 35, 0
In39, Run: 089, P, 0, 35, 0
In39, Run: 090, P, 0, 35, 0
In39, Run: 091, P, 0, 35, 0
In39, Run: 092, P, 0, 35, 0
In39, Run: 093, P, 0, 35, 0
In39, Run: 094, P, 0, 35, 0
In39, Run: 095, P, 0, 35, 0
In39, Run: 096, P, 0, 35, 0
In39, Run: 097, P, 0, 35, 0
In39, Run: 098, P, 0, 35, 0
In39, Run: 099, P, 0, 35, 0
In39, Run: 100, P, 0, 35, 0
In40, Run: 001, P, 0, 71, 0
In40, Run: 002, P, 0, 71, 0
In40, Run: 003, P, 0, 71, 0
In40, Run: 004, P, 0, 71, 0
In40, Run: 005, P, 0, 71, 0
In40, Run: 006, P, 0, 71, 0
In40, Run: 007, P, 0, 71, 0
In40, Run: 008, P, 0, 71, 0
In40, Run: 009, P, 0, 71, 0
In40, Run: 010, P, 0, 71, 0
In40, Run: 011, P, 0, 71, 0
In40, Run: 012, P, 0, 71, 0
In40, Run: 013, P, 0, 71, 0
In40, Run: 014, P, 0, 71, 0
In40, Run: 015, P, 0, 71, 0
In40, Run: 016, P, 0, 71, 0
In40, Run: 017, P, 0, 71, 0
In40, Run: 018, P, 0, 71, 0
In40, Run: 019, P, 0, 71, 0
In40, Run: 020, P, 0, 71, 0
In40, Run: 021, P, 0, 71, 0
In40, Run: 022, P, 0, 71, 0
In40, Run: 023, P, 0, 71, 0
In40, Run: 024, P, 0, 71, 0
In40, Run: 025, P, 0, 71, 0
In40, Run: 026, P, 0, 71, 0
In40, Run: 027, P, 0, 71, 0
In40, Run: 028, P, 0, 71, 0
In40, Run: 029, P, 0, 71, 0
In40, Run: 030, P, 0, 71, 0
In40, Run: 031, P, 0, 71, 0
In40, Run: 032, P, 0, 71, 0
In40, Run: 033, P, 0, 71, 0
In40, Run: 034, P, 0, 71, 0
In40, Run: 035, P, 0, 71, 0
In40, Run: 036, P, 0, 71, 0
In40, Run: 037, P, 0, 71, 0
In40, Run: 038, P, 0, 71, 0
In40, Run: 039, P, 0, 71, 0
In40, Run: 040, P, 0, 71, 0
In40, Run: 041, P, 0, 71, 0
In40, Run: 042, P, 0, 71, 0
In40, Run: 043, P, 0, 71, 0
In40, Run: 044, P, 0, 71, 0
In40, Run: 045, P, 0, 71, 0
In40, Run: 046, P, 0, 71, 0
In40, Run: 047, P, 0, 71, 0
In40, Run: 048, P, 0, 71, 0
In40, Run: 049, P, 0, 71, 0
In40, Run: 050, P, 0, 71, 0
In40, Run: 051, P, 0, 71, 0
In40, Run: 052, P, 0, 71, 0
In40, Run: 053, P, 0, 71, 0
In40, Run: 054, P, 0, 71, 0
In40, Run: 055, P, 0, 71, 0
In40, Run: 056, P, 0, 71, 0
In40, Run: 057, P, 0, 71, 0
In40, Run: 058, P, 0, 71, 0
In40, Run: 059, P, 0, 71, 0
In40, Run: 060, P, 0, 71, 0
In40, Run: 061, P, 0, 71, 0
In40, Run: 062, P, 0, 71, 0
In40, Run: 063, P, 0, 71, 0
In40, Run: 064, P, 0, 71, 0
In40, Run: 065, P, 0, 71, 0
In40, Run: 066, P, 0, 71, 0
In40, Run: 067, P, 0, 71, 0
In40, Run: 068, P, 0, 71, 0
In40, Run: 069, P, 0, 71, 0
In40, Run: 070, P, 0, 71, 0
In40, Run: 071, P, 0, 71, 0
In40, Run: 072, P, 0, 71, 0
In40, Run: 073, P, 0, 71, 0
In40, Run: 074, P, 0, 71, 0
In40, Run: 075, P, 0, 71, 0
In40, Run: 076, P, 0, 71, 0
In40, Run: 077, P, 0, 71, 0
In40, Run: 078, P, 0, 71, 0
In40, Run: 079, P, 0, 71, 0
In40, Run: 080, P, 0, 71, 0
In40, Run: 081, P, 0, 71, 0
In40, Run: 082, P, 0, 71, 0
In40, Run: 083, P, 0, 71, 0
In40, Run: 084, P, 0, 71, 0
In40, Run: 085, P, 0, 71, 0
In40, Run: 086, P, 0, 71, 0
In40, Run: 087, P, 0, 71, 0
In40, Run: 088, P, 0, 71, 0
In40, Run: 089, P, 0, 71, 0
In40, Run: 090, P, 0, 71, 0
In40, Run: 091, P, 0, 71, 0
In40, Run: 092, P, 0, 71, 0
In40, Run: 093, P, 0, 71, 0
In40, Run: 094, P, 0, 71, 0
In40, Run: 095, P, 0, 71, 0
In40, Run: 096, P, 0, 71, 0
In40, Run: 097, P, 0, 71, 0
In40, Run: 098, P, 0, 71, 0
In40, Run: 099, P, 0, 71, 0
In40, Run: 100, P, 0, 71, 0
